name,mpg,fgm_per_g,fga_per_g,fg_pct,fg3m_per_g,fg3a_per_g,fg3_pct,fg2m_per_g,fg2a_per_g,fg2_pct,efg_pct,ftm_per_g,fta_per_g,ft_pct,orb_per_g,drb_per_g,trb_per_g,ast_per_g,stl_per_g,blk_per_g,tov_per_g,pf_per_g,ppg,team
Mahmoud Abdul-Rauf,28.4,5.5,12.3,.445,1.3,3.3,.382,4.2,9.0,.468,.496,1.5,1.8,.846,0.2,1.4,1.6,2.5,0.7,0.1,1.6,2.3,13.7,SAC
Shareef Abdur-Rahim,35.0,6.9,15.2,.453,0.1,0.3,.259,6.8,14.8,.457,.456,4.8,6.5,.746,2.7,4.2,6.9,2.2,1.0,1.0,2.8,2.5,18.7,VAN
Rafael Addison,8.7,1.2,3.0,.402,0.2,0.5,.400,1.0,2.5,.402,.434,0.5,0.7,.786,0.5,0.6,1.1,0.8,0.2,0.1,0.4,1.3,3.1,CHH
Cory Alexander,18.2,2.4,6.1,.396,1.2,3.2,.373,1.3,3.0,.420,.492,1.2,1.6,.736,0.4,1.2,1.5,3.2,1.0,0.2,1.8,1.9,7.2,SAS
Jerome Allen,12.4,1.0,2.9,.353,0.4,1.2,.323,0.6,1.7,.375,.421,0.6,0.9,.583,0.3,1.0,1.3,2.0,0.4,0.1,0.9,1.1,3.0,TOT
Jerome Allen,13.6,1.1,2.9,.388,0.5,1.2,.390,0.7,1.7,.386,.466,0.5,0.9,.574,0.3,1.0,1.3,2.1,0.5,0.0,1.1,1.3,3.2,IND
Jerome Allen,10.0,0.8,3.0,.284,0.3,1.4,.206,0.6,1.6,.350,.331,0.6,1.0,.600,0.5,0.8,1.3,1.7,0.2,0.2,0.5,0.7,2.6,DEN
Ray Allen,30.9,4.8,11.1,.430,1.4,3.6,.393,3.3,7.4,.448,.494,2.5,3.0,.823,1.2,2.8,4.0,2.6,0.9,0.1,1.8,2.7,13.4,MIL
Derrick Alston,5.5,0.0,2.5,.000,0.0,0.0,,0.0,2.5,.000,.000,0.0,1.0,.000,1.5,0.5,2.0,0.0,0.0,0.0,0.0,0.0,0.0,ATL
Ashraf Amaya,4.6,0.4,1.3,.300,0.0,0.0,1.000,0.4,1.3,.282,.313,0.5,0.9,.536,0.6,1.1,1.7,0.1,0.2,0.1,0.3,0.9,1.3,WSB
Greg Anderson,20.2,1.6,3.2,.496,0.0,0.0,.000,1.6,3.2,.498,.496,0.8,1.1,.667,1.9,3.5,5.5,0.4,0.8,0.8,0.9,2.7,3.9,SAS
Kenny Anderson,37.6,5.9,13.9,.427,1.6,4.5,.361,4.3,9.4,.458,.485,4.1,5.3,.768,1.1,3.3,4.4,7.1,2.0,0.2,2.4,2.7,17.5,POR
Nick Anderson,34.3,4.6,11.5,.397,2.3,6.4,.353,2.3,5.1,.453,.496,0.6,1.5,.404,1.0,3.8,4.8,2.9,1.9,0.5,1.4,2.5,12.0,ORL
Shandon Anderson,16.4,2.3,4.9,.462,0.4,0.7,.511,1.9,4.2,.454,.500,1.0,1.5,.687,0.8,2.0,2.8,0.8,0.4,0.1,1.1,1.7,5.9,UTA
Willie Anderson,10.8,1.0,2.3,.453,0.3,0.7,.421,0.8,1.6,.467,.516,0.6,0.7,.850,0.5,1.0,1.5,1.2,0.5,0.1,0.7,1.3,3.0,MIA
Greg Anthony,28.7,3.1,7.8,.393,1.4,3.7,.370,1.7,4.1,.413,.479,2.0,2.7,.730,0.4,2.4,2.8,6.3,2.0,0.1,2.0,1.9,9.5,VAN
B.J. Armstrong,20.8,3.0,6.7,.453,0.5,1.8,.278,2.5,4.8,.519,.491,1.4,1.6,.861,0.1,1.4,1.5,2.6,0.5,0.0,1.1,1.1,7.9,GSW
Darrell Armstrong,15.1,2.0,5.1,.383,0.8,2.7,.304,1.1,2.4,.470,.462,1.4,1.6,.868,0.5,0.6,1.1,2.6,0.9,0.1,1.5,1.7,6.1,ORL
Vincent Askew,19.5,1.9,4.3,.435,0.2,0.6,.292,1.7,3.8,.457,.454,1.6,2.0,.795,0.6,1.7,2.3,2.1,0.4,0.1,1.1,2.9,5.6,TOT
Vincent Askew,7.0,0.0,0.0,,0.0,0.0,,0.0,0.0,,,0.0,0.0,,0.0,0.0,0.0,0.0,0.0,0.0,0.0,1.0,0.0,NJN
Vincent Askew,20.0,1.9,4.5,.432,0.2,0.6,.292,1.8,3.9,.453,.451,1.7,2.1,.791,0.6,1.8,2.4,2.2,0.4,0.1,1.0,3.0,5.7,IND
Vincent Askew,9.0,2.0,3.0,.667,0.0,0.0,,2.0,3.0,.667,.667,2.0,2.0,1.000,0.0,0.0,0.0,0.0,0.0,0.0,4.0,0.0,6.0,DEN
Keith Askins,22.7,1.8,4.1,.433,0.9,2.2,.401,0.9,1.9,.469,.541,0.5,0.7,.672,1.1,2.4,3.5,1.0,0.7,0.2,0.8,2.5,4.9,MIA
Stacey Augmon,15.7,1.8,3.7,.477,0.0,0.0,,1.8,3.7,.477,.477,1.2,1.6,.711,0.8,1.5,2.3,0.9,0.7,0.3,1.1,1.5,4.7,TOT
Stacey Augmon,14.6,1.6,3.9,.403,0.0,0.0,,1.6,3.9,.403,.403,1.4,2.1,.683,0.7,1.8,2.5,0.8,0.5,0.5,1.4,1.5,4.5,DET
Stacey Augmon,16.3,1.9,3.6,.517,0.0,0.0,,1.9,3.6,.517,.517,1.0,1.4,.732,0.8,1.4,2.2,1.0,0.8,0.2,0.9,1.5,4.7,POR
Isaac Austin,22.9,3.9,7.8,.502,0.0,0.0,.000,3.9,7.8,.505,.502,1.8,2.8,.664,1.7,4.2,5.8,1.2,0.5,0.5,2.0,3.0,9.7,MIA
,,,,,,,,,,,,,,,,,,,,,,,,
Vin Baker,40.5,8.1,16.0,.505,0.2,0.7,.278,7.9,15.3,.515,.511,4.6,6.7,.687,3.4,6.9,10.3,2.7,1.0,1.4,3.1,3.5,21.0,MIL
Charles Barkley,37.9,6.3,13.1,.484,1.1,3.9,.283,5.2,9.2,.569,.526,5.4,7.8,.694,4.0,9.5,13.5,4.7,1.3,0.5,2.8,2.9,19.2,HOU
Dana Barros,29.5,4.6,10.5,.435,1.8,4.4,.410,2.8,6.2,.453,.520,1.5,1.8,.860,0.2,1.8,2.0,3.4,1.1,0.3,1.6,1.4,12.5,BOS
Brent Barry,18.5,2.6,6.4,.409,0.9,2.9,.324,1.7,3.5,.481,.483,1.3,1.6,.817,0.5,1.4,1.9,2.6,0.9,0.3,1.3,1.5,7.5,LAC
Jon Barry,16.6,1.7,4.2,.407,0.8,2.1,.387,0.9,2.1,.426,.504,0.6,0.8,.804,0.4,1.3,1.7,2.0,0.9,0.1,1.0,1.0,4.9,ATL
Benoit Benjamin,11.0,1.3,3.0,.417,0.0,0.0,,1.3,3.0,.417,.417,0.8,1.0,.750,0.8,1.5,2.3,0.3,0.3,0.0,0.5,1.3,3.3,TOR
Elmer Bennett,8.3,0.7,2.1,.316,0.3,1.0,.333,0.3,1.1,.300,.395,0.8,1.1,.700,0.0,0.4,0.4,1.2,0.4,0.0,1.1,0.8,2.4,TOT
Elmer Bennett,4.0,0.5,1.5,.333,0.3,0.8,.333,0.3,0.8,.333,.417,1.3,1.5,.833,0.0,0.3,0.3,1.0,0.5,0.0,0.0,0.3,2.5,HOU
Elmer Bennett,11.8,0.8,2.6,.308,0.4,1.2,.333,0.4,1.4,.286,.385,0.4,0.8,.500,0.0,0.6,0.6,1.4,0.4,0.0,2.0,1.2,2.4,DEN
Travis Best,27.2,3.6,8.2,.442,0.8,2.0,.368,2.9,6.1,.467,.488,2.0,2.6,.756,0.5,1.7,2.2,4.2,1.3,0.1,2.0,2.9,9.9,IND
Mookie Blaylock,39.2,6.4,14.9,.432,2.8,7.7,.366,3.6,7.1,.505,.528,1.7,2.2,.753,1.5,3.8,5.3,5.9,2.7,0.3,2.4,1.8,17.4,ATL
Corie Blount,17.4,1.6,3.1,.514,0.0,0.1,.333,1.6,3.0,.517,.517,1.0,1.4,.675,1.9,2.8,4.8,0.6,0.4,0.4,0.9,2.1,4.2,LAL
Muggsy Bogues,28.9,3.1,6.8,.460,0.9,2.2,.417,2.2,4.6,.482,.528,0.8,1.0,.844,0.4,1.8,2.2,7.2,1.3,0.0,1.7,1.8,8.0,CHH
Dexter Boney,6.0,0.8,2.4,.316,0.1,0.8,.167,0.6,1.6,.385,.342,0.8,1.0,.750,0.4,0.4,0.8,0.0,0.3,0.1,0.1,0.4,2.4,PHO
Melvin Booker,20.5,2.2,5.0,.438,0.6,1.8,.324,1.6,3.2,.500,.495,0.9,1.0,.900,0.3,1.0,1.4,2.5,0.1,0.1,1.3,1.3,5.8,TOT
Melvin Booker,4.2,0.4,0.8,.500,0.2,0.4,.500,0.2,0.4,.500,.625,0.0,0.0,,0.0,0.2,0.2,0.6,0.0,0.0,1.4,0.0,1.0,DEN
Melvin Booker,25.6,2.8,6.3,.436,0.7,2.2,.314,2.1,4.1,.500,.490,1.1,1.3,.900,0.4,1.3,1.8,3.1,0.2,0.1,1.3,1.8,7.3,GSW
Bruce Bowen,1.0,0.0,0.0,,0.0,0.0,,0.0,0.0,,,0.0,0.0,,0.0,0.0,0.0,0.0,0.0,1.0,0.0,0.0,0.0,MIA
Donnie Boyce,7.0,1.0,2.9,.333,0.1,0.7,.125,0.9,2.1,.404,.349,0.5,1.0,.500,0.3,0.4,0.7,0.6,0.5,0.2,0.7,0.8,2.5,ATL
Shawn Bradley,31.3,5.6,12.4,.449,0.0,0.1,.000,5.6,12.3,.453,.449,2.0,3.1,.654,3.0,5.3,8.4,0.7,0.5,3.4,1.8,3.2,13.2,TOT
Shawn Bradley,30.7,5.0,11.4,.436,0.0,0.1,.000,5.0,11.3,.441,.436,2.0,3.1,.664,3.0,5.2,8.1,0.5,0.6,4.0,1.6,3.1,12.0,NJN
Shawn Bradley,32.1,6.3,13.6,.461,0.0,0.1,.000,6.3,13.5,.464,.461,2.1,3.2,.642,3.1,5.5,8.7,1.0,0.5,2.7,2.1,3.5,14.6,DAL
Mark Bradtke,7.0,0.7,1.6,.431,0.0,0.0,,0.7,1.6,.431,.431,0.3,0.4,.692,0.7,1.2,1.9,0.2,0.1,0.1,0.3,0.9,1.6,PHI
Terrell Brandon,36.8,7.4,16.8,.438,1.3,3.5,.373,6.1,13.4,.455,.476,3.4,3.8,.902,0.6,3.2,3.9,6.3,1.8,0.4,2.3,2.3,19.5,CLE
Frank Brickowski,15.0,1.9,4.3,.438,0.4,1.2,.350,1.5,3.1,.472,.486,0.6,0.8,.714,0.4,1.6,2.0,0.9,0.3,0.2,1.1,2.5,4.8,BOS
Scott Brooks,6.6,0.5,1.0,.487,0.1,0.3,.417,0.4,0.7,.519,.551,0.4,0.4,.933,0.2,0.3,0.5,0.8,0.6,0.0,0.4,0.9,1.5,NYK
,,,,,,,,,,,,,,,,,,,,,,,,
Chucky Brown,10.8,1.1,2.2,.506,0.0,0.1,.167,1.1,2.1,.520,.510,0.7,1.0,.671,0.6,1.5,2.1,0.4,0.1,0.3,0.3,1.4,2.9,TOT
Chucky Brown,8.3,1.3,2.6,.500,0.0,0.0,,1.3,2.6,.500,.500,0.8,1.1,.727,0.3,1.3,1.6,0.4,0.0,0.2,0.4,1.4,3.4,PHO
Chucky Brown,11.2,1.1,2.1,.508,0.0,0.1,.167,1.1,2.0,.525,.512,0.7,1.0,.661,0.6,1.6,2.2,0.4,0.2,0.3,0.3,1.4,2.8,MIL
Dee Brown,24.9,2.9,7.9,.367,1.0,3.1,.308,2.0,4.8,.406,.428,0.9,1.0,.818,0.4,1.9,2.3,3.2,1.5,0.3,1.1,2.1,7.6,BOS
Marcus Brown,8.8,1.3,3.3,.400,0.6,1.5,.406,0.7,1.8,.395,.493,0.6,0.9,.684,0.2,0.5,0.7,1.0,0.4,0.1,0.6,1.2,3.9,POR
Mike Brown,13.8,0.8,2.0,.417,0.0,0.0,,0.8,2.0,.417,.417,1.0,1.7,.600,1.5,2.7,4.2,0.8,0.2,0.2,0.3,1.5,2.7,PHO
P.J. Brown,32.4,3.8,8.2,.457,0.0,0.0,.000,3.8,8.2,.459,.457,2.0,2.8,.732,3.0,5.4,8.4,1.2,1.1,1.2,1.4,3.5,9.5,MIA
Randy Brown,14.7,1.9,4.6,.420,0.1,0.3,.182,1.9,4.3,.437,.426,0.8,1.2,.679,0.5,1.1,1.5,1.8,1.1,0.2,0.8,1.6,4.7,CHI
Kobe Bryant,15.5,2.5,5.9,.417,0.7,1.9,.375,1.8,4.0,.437,.477,1.9,2.3,.819,0.7,1.2,1.9,1.3,0.7,0.3,1.6,1.4,7.6,LAL
Mark Bryant,24.8,3.7,6.7,.553,0.0,0.0,,3.7,6.7,.553,.553,1.9,2.6,.704,1.6,3.5,5.2,1.1,0.5,0.1,1.1,3.3,9.3,PHO
Jud Buechler,9.3,0.8,2.1,.367,0.2,0.7,.333,0.5,1.4,.385,.424,0.1,0.2,.357,0.6,1.1,1.7,0.8,0.3,0.3,0.4,0.7,1.8,CHI
Matt Bullard,14.4,1.6,4.0,.401,0.9,2.6,.366,0.7,1.4,.465,.519,0.4,0.5,.735,0.2,1.5,1.6,0.9,0.3,0.3,0.5,1.0,4.5,HOU
Scott Burrell,16.5,1.7,4.8,.362,0.7,2.0,.353,1.0,2.7,.368,.437,1.0,1.3,.750,0.9,1.9,2.8,1.3,0.5,0.3,0.9,2.1,5.2,TOT
Scott Burrell,17.2,1.6,4.7,.344,0.7,2.0,.345,0.9,2.7,.342,.416,1.5,1.9,.792,0.9,2.0,2.8,1.4,0.5,0.4,0.9,2.1,5.4,CHH
Scott Burrell,15.8,1.8,4.8,.379,0.8,2.1,.361,1.1,2.7,.392,.457,0.5,0.8,.652,0.9,1.9,2.7,1.2,0.5,0.3,1.0,2.1,4.9,GSW
Willie Burton,15.8,1.6,4.8,.336,0.5,1.9,.283,1.1,2.9,.371,.392,2.4,2.8,.838,0.5,1.3,1.7,0.5,0.3,0.1,1.1,2.3,6.2,ATL
Mitchell Butler,9.5,1.1,2.6,.416,0.2,0.8,.308,0.8,1.8,.465,.464,0.7,1.0,.640,0.4,0.7,1.1,0.6,0.3,0.0,0.6,1.1,3.0,POR
Jason Caffey,18.7,2.7,5.1,.532,0.0,0.0,.000,2.7,5.1,.534,.532,1.9,2.8,.659,1.8,2.2,4.0,1.2,0.3,0.1,1.3,2.0,7.3,CHI
Michael Cage,15.2,0.8,1.7,.468,0.0,0.0,,0.8,1.7,.468,.468,0.2,0.5,.463,1.4,2.5,3.9,0.5,0.6,0.5,0.2,1.4,1.8,PHI
Adrian Caldwell,12.6,0.9,2.0,.435,0.0,0.0,.000,0.9,2.0,.444,.435,0.5,1.1,.420,1.3,2.4,3.7,0.3,0.4,0.2,0.6,1.9,2.2,TOT
Adrian Caldwell,11.3,0.6,1.9,.286,0.0,0.1,.000,0.6,1.8,.303,.286,0.5,0.9,.529,1.1,2.0,3.1,0.3,0.4,0.1,0.7,1.5,1.6,NJN
Adrian Caldwell,13.5,1.1,2.1,.526,0.0,0.0,,1.1,2.1,.526,.526,0.4,1.2,.364,1.4,2.7,4.1,0.3,0.3,0.3,0.6,2.2,2.7,PHI
Marcus Camby,30.1,6.0,12.3,.482,0.0,0.2,.143,5.9,12.1,.488,.483,2.9,4.2,.693,2.1,4.2,6.3,1.5,1.0,2.1,2.1,3.4,14.8,TOR
Elden Campbell,32.7,5.7,12.2,.469,0.0,0.1,.250,5.7,12.2,.470,.470,3.4,4.8,.711,2.7,5.3,8.0,1.6,0.6,1.5,1.7,3.6,14.9,LAL
Antoine Carr,17.8,3.1,6.4,.483,0.0,0.0,.000,3.1,6.3,.486,.483,1.2,1.5,.780,0.7,1.6,2.4,0.9,0.3,0.8,0.9,2.6,7.4,UTA
Chris Carr,15.1,2.3,4.9,.461,0.6,1.6,.352,1.7,3.3,.514,.518,1.0,1.3,.767,0.6,1.5,2.1,0.9,0.4,0.2,0.7,1.7,6.1,MIN
,,,,,,,,,,,,,,,,,,,,,,,,
Jimmy Carruth,5.3,0.5,0.8,.667,0.0,0.0,,0.5,0.8,.667,.667,0.3,0.3,1.000,0.0,1.0,1.0,0.0,0.0,0.5,0.3,1.0,1.3,MIL
Sam Cassell,28.1,5.5,12.8,.430,1.3,3.8,.351,4.2,9.0,.464,.482,3.5,4.1,.845,0.8,2.2,3.0,5.0,1.3,0.3,2.8,3.3,15.9,TOT
Sam Cassell,24.5,4.5,11.0,.415,0.9,2.8,.306,3.7,8.1,.453,.454,4.8,5.6,.855,0.5,1.7,2.3,4.5,1.0,0.3,2.7,3.0,14.8,PHO
Sam Cassell,24.9,4.4,10.3,.424,0.9,3.1,.306,3.4,7.3,.474,.470,2.6,3.1,.840,0.9,2.3,3.1,3.6,1.1,0.4,2.6,3.0,12.3,DAL
Sam Cassell,33.8,7.3,16.4,.443,2.0,5.2,.392,5.2,11.2,.467,.505,2.8,3.3,.831,0.9,2.7,3.6,6.5,1.6,0.3,2.9,3.7,19.3,NJN
Duane Causwell,12.6,1.0,2.0,.511,0.0,0.1,.667,1.0,2.0,.505,.521,0.4,0.8,.541,1.2,1.5,2.8,0.4,0.3,0.8,0.7,2.8,2.6,SAC
Cedric Ceballos,28.5,5.6,12.3,.457,0.5,2.0,.255,5.1,10.3,.497,.478,2.8,3.7,.747,2.0,4.6,6.6,1.3,0.7,0.5,1.7,2.3,14.6,TOT
Cedric Ceballos,34.9,4.3,10.4,.410,0.6,2.6,.238,3.6,7.8,.468,.440,1.6,1.9,.867,1.4,5.3,6.6,1.9,0.6,0.8,2.1,2.4,10.8,LAL
Cedric Ceballos,27.3,5.9,12.7,.464,0.5,1.9,.259,5.4,10.8,.501,.484,3.0,4.1,.737,2.2,4.4,6.6,1.2,0.7,0.4,1.6,2.2,15.3,PHO
Tom Chambers,6.9,0.6,2.6,.226,0.2,0.3,.667,0.4,2.3,.179,.258,0.3,0.3,.750,0.3,0.9,1.2,0.3,0.1,0.0,0.8,1.2,1.6,CHH
Rex Chapman,28.2,5.1,11.5,.443,1.7,4.8,.350,3.4,6.7,.510,.517,1.9,2.3,.832,0.4,2.4,2.8,2.8,0.8,0.1,1.5,1.7,13.8,PHO
Calbert Cheaney,30.5,4.7,9.2,.505,0.1,0.4,.133,4.6,8.9,.521,.508,1.2,1.7,.693,0.9,2.5,3.4,1.4,1.0,0.2,1.2,2.9,10.6,WSB
Pete Chilcutt,12.3,1.3,3.1,.436,0.5,1.3,.362,0.9,1.8,.490,.512,0.2,0.4,.591,1.2,1.6,2.9,0.9,0.5,0.3,0.5,1.0,3.4,VAN
Randolph Childress,6.7,0.6,1.7,.350,0.2,0.8,.263,0.4,0.9,.429,.413,0.3,0.3,.750,0.0,0.2,0.3,0.7,0.4,0.0,0.8,0.7,1.7,TOT
Randolph Childress,6.6,0.5,1.6,.333,0.2,0.8,.188,0.4,0.7,.500,.383,0.3,0.4,.750,0.1,0.2,0.3,0.8,0.4,0.0,0.7,0.6,1.5,POR
Randolph Childress,7.5,1.0,2.5,.400,0.5,0.8,.667,0.5,1.8,.286,.500,0.0,0.0,,0.0,0.3,0.3,0.5,0.5,0.0,1.3,1.3,2.5,DET
Chris Childs,31.9,3.2,7.8,.414,1.1,2.8,.387,2.2,5.1,.429,.482,1.7,2.3,.758,0.3,2.6,2.9,6.1,1.2,0.2,2.8,3.3,9.3,NYK
Doug Christie,38.6,4.9,11.7,.417,1.8,4.7,.384,3.1,7.0,.440,.495,2.9,3.8,.775,1.0,4.3,5.3,3.9,2.5,0.6,2.5,3.0,14.5,TOR
Derrick Coleman,36.9,6.4,14.7,.435,0.6,2.1,.269,5.8,12.6,.463,.455,4.8,6.4,.745,2.8,7.3,10.1,3.4,0.9,1.3,3.2,2.9,18.1,PHI
Bimbo Coles,23.2,2.4,6.2,.389,0.6,2.0,.294,1.8,4.2,.434,.436,0.7,1.0,.755,0.8,1.5,2.3,2.9,0.7,0.1,1.2,1.9,6.1,GSW
Marty Conlon,21.8,2.9,6.1,.471,0.0,0.1,.200,2.9,6.0,.477,.474,1.9,2.3,.842,1.7,2.6,4.4,1.4,0.6,0.2,1.5,2.1,7.8,BOS
Tyrone Corbin,32.9,3.6,8.6,.422,1.1,3.0,.356,2.6,5.6,.457,.483,1.2,1.5,.796,1.1,3.1,4.2,1.8,1.3,0.1,1.2,2.5,9.5,ATL
Joe Courtney,11.1,1.2,3.3,.367,0.0,0.0,,1.2,3.3,.367,.367,0.3,0.6,.600,1.0,0.8,1.8,0.0,0.0,0.0,0.3,1.6,2.8,TOT
Joe Courtney,13.0,1.5,3.5,.429,0.0,0.0,,1.5,3.5,.429,.429,0.0,0.0,,1.3,1.0,2.3,0.0,0.0,0.0,0.3,2.0,3.0,PHI
Joe Courtney,9.6,1.0,3.2,.313,0.0,0.0,,1.0,3.2,.313,.313,0.6,1.0,.600,0.8,0.6,1.4,0.0,0.0,0.0,0.4,1.2,2.6,SAS
John Crotty,13.7,1.6,3.2,.513,0.4,1.0,.408,1.2,2.2,.562,.578,1.1,1.3,.844,0.3,0.7,1.0,2.1,0.4,0.0,0.9,1.6,4.8,MIA
Terry Cummings,18.4,3.4,7.1,.486,0.1,0.1,.600,3.4,7.0,.484,.491,1.3,1.8,.695,1.6,2.5,4.1,0.9,0.7,0.2,1.0,2.5,8.2,SEA
Earl Cureton,5.1,0.3,0.9,.375,0.0,0.0,,0.3,0.9,.375,.375,0.1,0.3,.333,0.4,0.6,1.0,0.4,0.0,0.0,0.1,1.1,0.8,TOR
Dell Curry,30.6,5.6,12.3,.459,1.9,4.4,.426,3.8,7.9,.478,.535,1.7,2.1,.803,0.6,2.5,3.1,1.7,0.9,0.2,1.4,2.2,14.8,CHH
,,,,,,,,,,,,,,,,,,,,,,,,
Michael Curry,15.0,1.2,2.7,.448,0.3,1.0,.299,0.9,1.8,.528,.500,1.2,1.3,.898,0.3,1.2,1.5,0.5,0.4,0.1,0.3,1.6,3.9,DET
Erick Dampier,14.6,1.8,4.7,.390,0.0,0.0,1.000,1.8,4.7,.388,.391,1.5,2.3,.637,1.3,2.8,4.1,0.6,0.3,1.0,1.2,2.1,5.1,IND
Lloyd Daniels,14.1,1.6,5.4,.303,1.0,3.2,.300,0.7,2.2,.306,.391,0.2,0.3,.833,0.9,1.1,2.0,1.2,0.5,0.1,0.6,1.5,4.5,TOT
Lloyd Daniels,5.6,0.4,3.2,.125,0.4,2.2,.182,0.0,1.0,.000,.188,0.0,0.0,,0.2,0.6,0.8,0.2,0.2,0.0,0.6,0.8,1.2,SAC
Lloyd Daniels,16.6,2.0,6.1,.330,1.1,3.5,.322,0.9,2.6,.341,.422,0.3,0.4,.833,1.1,1.2,2.3,1.5,0.5,0.2,0.6,1.7,5.4,NJN
Sasha Danilović,31.9,4.4,10.2,.435,1.5,4.2,.360,2.9,6.0,.488,.510,2.2,2.7,.801,0.5,1.9,2.4,1.8,1.0,0.2,2.1,2.9,12.5,TOT
Sasha Danilović,31.4,4.1,9.2,.442,1.5,4.1,.358,2.6,5.1,.509,.521,1.7,2.2,.777,0.5,1.9,2.4,1.8,0.9,0.2,2.2,2.9,11.3,MIA
Sasha Danilović,33.7,5.6,13.4,.420,1.7,4.6,.367,3.9,8.8,.447,.483,3.7,4.4,.842,0.6,2.0,2.6,1.9,1.2,0.1,1.7,2.8,16.6,DAL
Yinka Dare,7.6,0.5,1.3,.352,0.0,0.0,,0.5,1.3,.352,.352,0.5,0.9,.514,0.9,1.1,2.0,0.1,0.1,0.7,0.5,1.2,1.4,NJN
Antonio Davis,28.5,3.8,7.8,.480,0.0,0.2,.071,3.7,7.6,.490,.481,2.9,4.4,.666,2.3,5.0,7.3,0.8,0.5,1.0,1.7,3.2,10.5,IND
Ben Davis,4.9,0.5,1.3,.385,0.0,0.0,,0.5,1.3,.385,.385,0.5,1.0,.450,0.6,0.8,1.4,0.0,0.2,0.1,0.2,0.8,1.5,PHO
Dale Davis,32.4,4.6,8.6,.538,0.0,0.0,,4.6,8.6,.538,.538,1.2,2.7,.428,3.8,5.9,9.7,0.7,0.8,1.0,1.4,2.9,10.4,IND
Emanual Davis,17.7,1.8,4.2,.444,0.9,2.1,.444,0.9,2.1,.444,.556,0.4,0.6,.625,0.2,1.5,1.7,2.0,0.7,0.2,1.3,1.5,5.0,HOU
Hubert Davis,17.3,2.1,5.1,.402,0.4,1.9,.229,1.6,3.2,.509,.446,0.5,0.6,.739,0.3,0.8,1.1,0.9,0.3,0.1,0.6,1.1,5.0,TOR
Mark Davis,22.7,3.3,7.1,.469,0.3,1.2,.258,3.0,5.9,.514,.492,1.5,2.2,.673,1.8,2.5,4.3,1.8,1.1,0.4,1.6,3.1,8.5,PHI
Todd Day,28.1,4.9,12.3,.398,1.6,4.3,.362,3.4,8.0,.418,.461,3.2,4.1,.773,1.3,2.7,4.1,1.4,1.3,0.6,1.6,2.6,14.5,BOS
Andrew DeClercq,15.0,2.0,3.8,.520,0.0,0.0,,2.0,3.8,.520,.520,1.3,2.1,.603,1.7,2.5,4.2,0.5,0.5,0.4,1.1,3.2,5.3,GSW
Terry Dehere,14.4,2.0,5.2,.386,0.7,2.2,.325,1.3,3.1,.430,.454,1.7,2.0,.824,0.2,1.1,1.3,2.2,0.4,0.0,1.3,1.9,6.4,LAC
Vinny Del Negro,31.2,5.1,10.8,.467,0.6,1.9,.314,4.5,8.9,.501,.496,1.6,1.8,.868,0.5,2.4,2.9,3.2,0.8,0.1,1.3,1.8,12.3,SAS
Bison Dele,15.3,2.9,7.0,.413,0.0,0.0,,2.9,7.0,.413,.413,1.2,1.7,.733,1.6,2.1,3.7,1.3,0.3,0.6,1.2,2.2,7.0,CHI
Tony Delk,14.2,2.0,4.2,.465,0.9,1.8,.464,1.1,2.4,.465,.566,0.7,0.8,.824,0.5,1.1,1.6,1.6,0.6,0.1,1.1,1.2,5.4,CHH
Dell Demps,5.0,0.0,1.5,.000,0.0,0.5,.000,0.0,1.0,.000,.000,1.0,1.0,1.000,0.0,0.0,0.0,0.0,0.5,0.0,0.0,0.5,1.0,ORL
Vlade Divac,35.1,5.2,10.5,.494,0.1,0.6,.234,5.0,9.9,.509,.500,2.2,3.2,.683,3.0,6.0,9.0,3.7,1.3,2.2,2.4,3.4,12.6,CHH
Sherman Douglas,29.3,3.9,7.7,.502,0.5,1.4,.333,3.4,6.3,.540,.533,1.4,2.2,.667,0.7,1.7,2.4,5.4,1.0,0.1,1.9,2.4,9.7,MIL
,,,,,,,,,,,,,,,,,,,,,,,,
Greg Dreiling,9.7,0.9,1.9,.459,0.0,0.0,1.000,0.8,1.8,.452,.466,0.3,0.7,.407,0.5,1.4,1.9,0.3,0.2,0.2,0.2,1.6,2.0,DAL
Clyde Drexler,36.6,6.4,14.5,.442,1.9,5.4,.355,4.5,9.1,.493,.508,3.2,4.3,.750,1.9,4.1,6.0,5.7,1.9,0.6,2.5,2.4,18.0,HOU
Nate Driggers,8.8,0.9,2.9,.302,0.0,0.6,.000,0.9,2.3,.382,.302,0.7,0.9,.714,0.8,0.7,1.5,0.4,0.2,0.1,0.4,0.7,2.4,BOS
Kevin Duckworth,14.8,1.7,4.0,.437,0.1,0.2,.750,1.6,3.8,.424,.451,0.4,0.6,.688,0.9,1.4,2.3,0.6,0.3,0.4,1.3,2.4,4.0,LAC
Chris Dudley,22.7,1.6,3.6,.430,0.0,0.0,,1.6,3.6,.430,.430,0.8,1.7,.474,2.5,4.8,7.3,0.5,0.5,1.2,1.0,3.0,3.9,POR
Joe Dumars,37.0,4.9,11.1,.440,2.1,4.9,.432,2.8,6.2,.446,.535,2.8,3.2,.867,0.5,1.9,2.4,4.0,0.7,0.0,1.6,1.2,14.7,DET
Tony Dumas,11.6,1.4,4.0,.344,0.2,1.2,.143,1.2,2.8,.426,.365,0.7,1.0,.640,0.1,0.5,0.7,1.0,0.4,0.1,0.7,1.9,3.6,TOT
Tony Dumas,12.6,1.5,4.3,.351,0.2,1.3,.125,1.3,2.9,.453,.370,0.8,1.3,.652,0.2,0.6,0.8,1.2,0.6,0.1,0.8,2.0,4.0,DAL
Tony Dumas,8.5,1.0,3.2,.316,0.2,0.7,.250,0.8,2.5,.333,.342,0.2,0.3,.500,0.0,0.3,0.3,0.5,0.0,0.2,0.2,1.5,2.3,PHO
Acie Earl,10.6,1.4,3.8,.372,0.0,0.1,.000,1.4,3.7,.383,.372,1.1,1.8,.643,0.7,1.3,2.0,0.4,0.3,0.6,0.7,1.3,4.0,TOT
Acie Earl,12.0,1.6,4.1,.376,0.0,0.1,.000,1.6,4.0,.388,.376,1.2,1.8,.629,0.9,1.4,2.2,0.5,0.3,0.7,0.9,1.4,4.3,TOR
Acie Earl,4.8,0.9,2.6,.348,0.0,0.0,,0.9,2.6,.348,.348,1.1,1.6,.714,0.2,1.0,1.2,0.2,0.3,0.1,0.2,0.8,2.9,MIL
Tyus Edney,19.7,2.1,5.6,.384,0.1,0.6,.190,2.0,5.0,.407,.394,2.5,3.1,.823,0.5,1.1,1.6,3.2,0.9,0.0,1.6,1.4,6.9,SAC
Blue Edwards,23.6,3.0,7.5,.397,0.4,1.5,.281,2.6,6.0,.425,.425,1.5,1.8,.817,0.8,2.3,3.1,1.9,0.6,0.3,1.3,2.2,7.8,VAN
Kevin Edwards,14.9,2.2,5.7,.377,0.5,1.3,.349,1.7,4.4,.386,.418,1.2,1.3,.860,0.3,1.1,1.3,1.8,0.5,0.1,1.5,1.1,5.9,NJN
Craig Ehlo,13.7,1.4,4.0,.351,0.4,1.5,.284,1.0,2.5,.392,.405,0.2,0.4,.500,0.6,1.1,1.8,1.1,0.6,0.1,0.7,1.1,3.5,SEA
Howard Eisley,13.2,1.7,3.8,.451,0.2,0.9,.278,1.5,2.9,.504,.484,0.9,1.1,.787,0.2,0.8,1.0,2.4,0.5,0.1,1.3,1.7,4.5,UTA
Mario Elie,34.4,3.7,7.5,.497,1.5,3.7,.420,2.2,3.8,.572,.600,2.7,3.0,.896,0.8,2.2,3.0,4.0,1.2,0.2,1.7,2.6,11.7,HOU
Sean Elliott,35.7,5.0,11.9,.422,1.1,3.2,.333,3.9,8.7,.456,.468,3.8,5.0,.755,1.2,3.6,4.9,3.2,0.6,0.6,2.3,2.7,14.9,SAS
Dale Ellis,35.9,5.8,14.0,.414,2.3,6.4,.364,3.5,7.6,.457,.498,2.6,3.2,.817,1.2,2.4,3.6,2.0,0.7,0.1,1.8,2.2,16.6,DEN
LaPhonso Ellis,36.4,8.1,18.4,.439,1.7,4.7,.367,6.4,13.7,.464,.486,4.0,5.1,.773,1.9,5.1,7.0,2.4,0.8,0.7,2.1,3.3,21.9,DEN
Pervis Ellison,20.8,1.0,2.7,.375,0.0,0.0,,1.0,2.7,.375,.375,0.5,0.8,.600,1.5,2.8,4.3,0.7,0.8,1.5,1.2,3.5,2.5,BOS
Brian Evans,4.2,0.6,1.6,.364,0.3,0.6,.500,0.3,1.0,.286,.455,0.0,0.0,,0.1,0.5,0.6,0.5,0.1,0.1,0.1,0.4,1.4,ORL
Patrick Ewing,37.0,8.4,17.2,.488,0.0,0.1,.222,8.4,17.1,.490,.489,5.6,7.5,.754,2.2,8.4,10.7,2.0,0.9,2.4,3.4,3.2,22.4,NYK
,,,,,,,,,,,,,,,,,,,,,,,,
Jamie Feick,15.2,1.4,3.8,.357,0.1,0.3,.357,1.2,3.5,.357,.373,0.8,1.6,.507,2.0,3.2,5.2,0.6,0.4,0.3,0.8,1.9,3.7,TOT
Jamie Feick,3.3,0.7,1.3,.500,0.3,0.3,1.000,0.3,1.0,.333,.625,0.0,0.7,.000,0.3,0.7,1.0,0.0,0.0,0.3,0.0,1.0,1.7,CHH
Jamie Feick,16.2,1.4,4.0,.353,0.1,0.3,.308,1.3,3.7,.357,.366,0.9,1.7,.523,2.1,3.4,5.6,0.7,0.4,0.3,0.8,2.0,3.8,SAS
Duane Ferrell,18.0,2.6,5.4,.472,0.3,0.7,.409,2.3,4.7,.481,.499,0.9,1.5,.617,0.9,1.4,2.3,1.1,0.6,0.1,0.9,1.9,6.4,IND
Danny Ferry,32.1,4.2,9.7,.429,1.4,3.5,.401,2.8,6.2,.445,.501,0.9,1.1,.851,1.0,3.1,4.1,1.8,0.7,0.4,1.1,3.0,10.6,CLE
Michael Finley,33.6,5.7,12.9,.444,1.2,3.4,.361,4.5,9.5,.473,.491,2.4,3.0,.808,1.1,3.4,4.5,2.7,0.8,0.3,2.0,1.7,15.0,TOT
Michael Finley,29.5,5.2,11.0,.475,0.5,2.0,.255,4.7,9.0,.525,.498,2.1,2.6,.812,1.3,3.2,4.4,2.5,0.7,0.1,1.6,1.6,13.0,PHO
Michael Finley,35.6,6.0,13.8,.432,1.6,4.0,.387,4.4,9.8,.450,.488,2.5,3.1,.807,1.0,3.5,4.5,2.8,0.9,0.4,2.1,1.7,16.0,DAL
Matt Fish,1.3,0.2,0.5,.333,0.0,0.0,,0.2,0.5,.333,.333,0.0,0.0,,0.2,0.7,0.8,0.0,0.0,0.0,0.3,0.3,0.3,TOT
Matt Fish,1.4,0.2,0.6,.333,0.0,0.0,,0.2,0.6,.333,.333,0.0,0.0,,0.2,0.8,1.0,0.0,0.0,0.0,0.4,0.4,0.4,WSB
Matt Fish,1.0,0.0,0.0,,0.0,0.0,,0.0,0.0,,,0.0,0.0,,0.0,0.0,0.0,0.0,0.0,0.0,0.0,0.0,0.0,MIA
Derek Fisher,11.5,1.3,3.3,.397,0.3,0.9,.301,1.0,2.4,.434,.439,1.0,1.5,.658,0.3,0.9,1.2,1.5,0.5,0.1,0.9,1.1,3.9,LAL
Greg Foster,11.6,1.4,3.1,.453,0.0,0.0,.667,1.4,3.1,.450,.457,0.7,0.8,.831,0.7,1.7,2.4,0.4,0.1,0.3,0.7,1.8,3.5,UTA
Rick Fox,34.9,5.7,12.5,.456,1.3,3.7,.363,4.4,8.8,.494,.509,2.7,3.5,.787,1.5,3.7,5.2,3.8,2.2,0.5,2.3,3.7,15.4,BOS
Todd Fuller,12.7,1.5,3.5,.429,0.0,0.0,,1.5,3.5,.429,.429,1.0,1.5,.691,1.4,1.9,3.3,0.3,0.1,0.3,0.7,1.9,4.1,GSW
Kevin Gamble,15.4,2.0,4.6,.430,0.9,1.8,.482,1.1,2.8,.397,.524,0.1,0.2,.700,0.2,1.5,1.7,1.2,0.3,0.3,0.4,1.2,5.0,SAC
Kevin Garnett,38.9,7.1,14.3,.499,0.1,0.3,.286,7.1,14.0,.503,.502,2.7,3.5,.754,2.5,5.6,8.0,3.1,1.4,2.1,2.3,2.6,17.0,MIN
Dean Garrett,24.5,3.3,5.7,.573,0.0,0.0,,3.3,5.7,.573,.573,1.4,2.0,.696,2.2,5.1,7.3,0.6,0.6,1.4,0.5,2.3,8.0,MIN
Chris Gatling,27.3,7.0,13.3,.525,0.0,0.1,.167,6.9,13.1,.528,.526,5.0,7.0,.717,2.9,5.0,7.9,0.6,0.8,0.7,2.6,2.9,19.0,TOT
Chris Gatling,27.1,7.0,13.2,.533,0.0,0.1,.167,7.0,13.0,.537,.534,5.0,7.1,.706,2.9,5.0,7.9,0.6,0.8,0.7,2.6,2.8,19.1,DAL
Chris Gatling,30.7,6.0,14.3,.419,0.0,0.0,,6.0,14.3,.419,.419,5.0,5.3,.938,2.7,4.7,7.3,1.0,1.3,0.0,2.0,4.3,17.0,NJN
Reggie Geary,6.3,0.6,1.5,.379,0.2,0.5,.381,0.4,0.9,.378,.448,0.1,0.3,.455,0.1,0.3,0.4,0.9,0.3,0.1,0.4,0.9,1.5,CLE
Matt Geiger,21.3,3.5,7.1,.489,0.1,0.4,.300,3.4,6.7,.500,.497,1.8,2.6,.701,2.0,3.2,5.3,0.8,0.4,0.6,1.4,3.1,8.9,CHH
Kendall Gill,39.0,7.9,17.7,.443,0.9,2.7,.336,7.0,15.0,.462,.469,5.2,6.5,.797,2.2,3.9,6.1,4.0,1.9,0.6,2.7,2.7,21.8,NJN
Armen Gilliam,25.6,3.1,6.5,.471,0.0,0.0,,3.1,6.5,.471,.471,2.5,3.2,.768,1.7,4.5,6.2,0.7,0.8,0.5,1.3,2.6,8.6,MIL
Anthony Goldwire,19.8,2.2,5.5,.397,1.1,2.6,.418,1.1,3.0,.379,.494,1.0,1.3,.782,0.2,1.2,1.4,3.7,0.6,0.0,1.3,1.7,6.5,TOT
Anthony Goldwire,17.5,1.9,4.7,.403,1.1,2.5,.439,0.8,2.2,.361,.519,0.9,1.2,.750,0.1,1.1,1.2,2.8,0.6,0.0,1.2,1.8,5.8,CHH
Anthony Goldwire,22.7,2.6,6.5,.392,1.0,2.6,.394,1.5,3.9,.390,.472,1.1,1.4,.816,0.3,1.4,1.7,4.6,0.5,0.0,1.3,1.7,7.3,DEN
Greg Graham,7.0,1.0,2.9,.363,0.3,1.1,.290,0.7,1.8,.408,.419,0.9,1.4,.650,0.1,0.4,0.5,0.4,0.4,0.0,0.4,0.4,3.3,SEA
Brian Grant,25.3,3.8,8.6,.440,0.0,0.0,,3.8,8.6,.440,.440,2.9,3.8,.778,2.0,3.9,5.9,1.2,0.8,1.0,1.8,3.1,10.5,SAC
,,,,,,,,,,,,,,,,,,,,,,,,
Gary Grant,13.0,1.4,3.9,.355,0.5,1.6,.304,0.9,2.3,.391,.418,0.6,0.8,.818,0.3,1.1,1.4,1.6,0.6,0.0,1.0,1.4,3.9,MIA
Harvey Grant,20.6,1.7,4.0,.411,0.4,1.1,.315,1.3,2.9,.449,.455,0.4,0.5,.769,0.8,2.5,3.3,0.9,0.6,0.6,0.4,2.1,4.1,WSB
Horace Grant,37.3,5.3,10.4,.515,0.0,0.1,.167,5.3,10.3,.518,.516,1.9,2.7,.715,3.1,5.9,9.0,2.4,1.5,1.0,1.5,2.3,12.6,ORL
Devin Gray,8.2,1.3,4.3,.308,0.0,0.0,,1.3,4.3,.308,.308,0.3,0.8,.400,1.0,1.3,2.3,0.3,0.7,0.0,0.8,1.8,3.0,TOT
Devin Gray,8.3,1.0,3.7,.273,0.0,0.0,,1.0,3.7,.273,.273,0.7,1.3,.500,1.0,2.0,3.0,0.7,1.0,0.0,0.0,1.0,2.7,SAC
Devin Gray,8.0,1.7,5.0,.333,0.0,0.0,,1.7,5.0,.333,.333,0.0,0.3,.000,1.0,0.7,1.7,0.0,0.3,0.0,1.7,2.7,3.3,SAS
Evric Gray,8.4,0.8,3.0,.267,0.2,0.8,.250,0.6,2.2,.273,.300,0.8,0.8,1.000,0.2,0.4,0.6,0.4,0.2,0.0,0.6,1.0,2.6,NJN
Jeff Grayer,12.6,1.5,3.3,.458,0.2,0.4,.364,1.4,2.9,.472,.482,0.4,0.8,.550,0.8,0.7,1.5,1.0,0.3,0.3,0.6,1.7,3.6,SAC
A.C. Green,30.0,2.8,5.8,.483,0.0,0.2,.050,2.8,5.6,.502,.485,1.5,2.4,.650,2.7,5.2,7.9,0.8,0.8,0.2,0.9,1.7,7.2,TOT
A.C. Green,20.3,2.3,4.7,.477,0.0,0.1,.000,2.3,4.6,.488,.477,1.1,1.8,.646,1.2,3.9,5.1,0.6,0.7,0.0,0.7,1.3,5.7,PHO
A.C. Green,34.7,3.1,6.4,.486,0.0,0.3,.059,3.1,6.1,.507,.487,1.7,2.7,.651,3.4,5.9,9.3,0.9,0.9,0.3,1.0,2.0,7.9,DAL
Litterial Green,6.9,0.7,1.4,.469,0.0,0.2,.000,0.7,1.2,.556,.469,0.7,1.0,.638,0.1,0.4,0.5,0.9,0.4,0.0,0.3,0.6,2.0,DET
Tom Gugliotta,38.7,7.3,16.5,.442,0.3,1.1,.258,7.0,15.4,.456,.451,5.7,7.0,.820,2.3,6.4,8.7,4.1,1.6,1.1,3.6,2.9,20.6,MIN
Jack Haley,3.7,0.7,1.9,.351,0.0,0.0,,0.7,1.9,.351,.351,0.7,1.0,.737,0.7,1.0,1.6,0.3,0.1,0.1,0.1,0.7,2.0,NJN
Darvin Ham,8.8,0.9,1.7,.532,0.0,0.0,,0.9,1.7,.532,.532,0.5,1.0,.486,0.8,0.8,1.6,0.4,0.3,0.2,0.6,1.6,2.3,TOT
Darvin Ham,8.9,0.9,1.7,.525,0.0,0.0,,0.9,1.7,.525,.525,0.5,0.9,.485,0.8,0.8,1.6,0.4,0.2,0.2,0.6,1.6,2.3,DEN
Darvin Ham,5.0,1.0,1.0,1.000,0.0,0.0,,1.0,1.0,1.000,1.000,1.0,2.0,.500,0.0,0.0,0.0,0.0,1.0,0.0,1.0,0.0,3.0,IND
Steve Hamer,7.7,0.9,1.6,.526,0.0,0.1,.000,0.9,1.6,.545,.526,0.5,0.8,.552,0.5,1.2,1.7,0.2,0.1,0.1,0.4,1.1,2.2,BOS
Tom Hammonds,21.7,2.4,4.9,.480,0.0,0.0,.000,2.4,4.9,.482,.480,1.5,2.1,.721,1.7,3.3,5.0,0.8,0.2,0.3,1.1,2.5,6.2,DEN
Darrin Hancock,5.5,0.7,1.5,.457,0.0,0.0,,0.7,1.5,.457,.457,0.4,0.6,.714,0.2,0.6,0.8,0.5,0.4,0.0,0.5,0.6,1.8,TOT
Darrin Hancock,4.3,0.2,0.7,.333,0.0,0.0,,0.2,0.7,.333,.333,0.0,0.0,,0.1,0.4,0.6,0.4,0.2,0.0,0.4,0.8,0.4,MIL
Darrin Hancock,6.1,0.9,1.9,.481,0.0,0.0,,0.9,1.9,.481,.481,0.6,0.9,.667,0.2,0.7,0.9,0.5,0.5,0.1,0.5,0.4,2.4,ATL
Darrin Hancock,8.0,1.0,2.0,.500,0.0,0.0,,1.0,2.0,.500,.500,2.0,2.0,1.000,0.0,0.0,0.0,1.0,0.0,0.0,0.0,2.0,4.0,SAS
Anfernee Hardaway,37.6,7.1,15.9,.447,1.4,4.5,.318,5.7,11.4,.499,.493,4.8,5.8,.820,1.4,3.1,4.5,5.6,1.6,0.6,2.5,2.1,20.5,ORL
Tim Hardaway,38.7,7.1,17.1,.415,2.5,7.3,.344,4.6,9.8,.469,.489,3.6,4.5,.799,0.6,2.8,3.4,8.6,1.9,0.1,2.8,2.0,20.3,MIA
Derek Harper,29.5,4.0,9.0,.444,0.8,2.3,.341,3.2,6.6,.480,.488,1.3,1.7,.742,0.4,1.4,1.8,4.3,1.2,0.2,1.8,1.9,10.0,DAL
Ron Harper,22.9,2.3,5.3,.436,0.9,2.5,.362,1.4,2.9,.500,.520,0.8,1.1,.707,0.6,1.9,2.5,2.5,1.1,0.5,0.7,1.8,6.3,CHI
Othella Harrington,15.1,2.0,3.6,.549,0.0,0.1,.000,2.0,3.5,.557,.549,0.9,1.4,.605,1.3,2.2,3.5,0.3,0.2,0.4,1.0,2.0,4.8,HOU
Lucious Harris,15.1,2.1,5.4,.381,0.7,1.8,.364,1.4,3.6,.390,.442,0.6,0.9,.702,0.5,0.8,1.3,0.9,0.8,0.1,0.6,0.8,5.4,PHI
,,,,,,,,,,,,,,,,,,,,,,,,
Antonio Harvey,4.3,0.8,1.8,.455,0.0,0.0,,0.8,1.8,.455,.455,0.8,1.0,.833,0.3,1.3,1.7,0.2,0.0,0.7,0.2,1.3,2.5,SEA
Hersey Hawkins,33.6,4.5,9.7,.464,1.7,4.3,.403,2.8,5.4,.514,.554,3.1,3.6,.875,1.1,2.8,3.9,3.0,1.9,0.1,1.6,1.8,13.9,SEA
Michael Hawkins,11.2,1.0,2.3,.426,0.3,1.1,.323,0.7,1.3,.514,.500,0.4,0.5,.800,0.3,0.8,1.1,2.2,0.6,0.0,1.0,1.4,2.8,BOS
Shane Heal,5.5,0.6,2.3,.268,0.5,1.5,.308,0.1,0.7,.188,.371,0.1,0.1,.600,0.0,0.4,0.4,0.8,0.1,0.1,0.4,0.5,1.7,MIN
Alan Henderson,16.7,2.6,5.4,.475,0.0,0.0,,2.6,5.4,.475,.475,1.5,2.5,.600,1.6,2.3,3.9,0.8,0.7,0.2,1.0,2.4,6.6,ATL
Mark Hendrickson,10.4,1.1,2.7,.416,0.1,0.4,.250,1.0,2.2,.446,.435,0.6,0.9,.692,1.2,2.0,3.2,0.1,0.3,0.1,0.5,1.1,2.9,PHI
Carl Herrera,24.5,3.4,7.9,.433,0.0,0.1,.333,3.4,7.8,.434,.435,1.1,1.6,.686,1.6,3.0,4.5,0.7,0.8,0.7,1.3,2.9,8.0,SAS
Grant Hill,39.3,7.8,15.7,.496,0.1,0.4,.303,7.7,15.3,.502,.500,5.6,7.9,.711,1.5,7.5,9.0,7.3,1.8,0.6,3.2,2.3,21.4,DET
Tyrone Hill,34.9,4.8,8.0,.600,0.0,0.0,.000,4.8,8.0,.601,.600,3.3,5.1,.633,3.5,6.4,9.9,1.2,0.9,0.4,2.0,3.6,12.9,CLE
Fred Hoiberg,12.2,1.4,3.3,.429,0.6,1.5,.414,0.8,1.8,.442,.522,1.3,1.6,.792,0.3,1.4,1.7,0.9,0.6,0.1,0.5,1.1,4.8,IND
Jeff Hornacek,31.6,5.0,10.4,.482,0.9,2.4,.369,4.2,8.1,.516,.525,3.6,4.0,.899,0.7,2.2,2.9,4.4,1.5,0.3,1.6,2.3,14.5,UTA
Robert Horry,25.8,2.9,6.7,.436,0.9,2.9,.318,2.0,3.8,.524,.504,1.1,1.7,.667,1.3,3.1,4.4,2.0,1.2,1.0,1.3,2.8,7.8,TOT
Robert Horry,22.5,2.6,6.1,.421,0.8,2.4,.308,1.8,3.7,.496,.482,1.0,1.6,.640,1.3,2.5,3.7,1.7,0.9,0.8,1.4,2.5,6.9,PHO
Robert Horry,30.7,3.4,7.5,.455,1.1,3.5,.329,2.3,4.0,.562,.530,1.3,1.8,.700,1.3,4.1,5.4,2.5,1.7,1.3,1.2,3.3,9.2,LAL
Allan Houston,33.1,5.4,12.7,.423,1.8,4.7,.385,3.6,8.0,.446,.495,2.2,2.7,.803,0.5,2.4,3.0,2.2,0.5,0.2,2.1,2.9,14.8,NYK
Juwan Howard,40.5,7.8,16.0,.486,0.0,0.0,.000,7.8,16.0,.487,.486,3.6,4.7,.756,2.5,5.5,8.0,3.8,1.1,0.3,3.0,3.2,19.1,WSB
Stephen Howard,8.5,1.3,2.2,.574,0.0,0.0,,1.3,2.2,.574,.574,1.1,1.7,.642,0.6,1.1,1.7,0.2,0.4,0.2,0.5,1.3,3.6,TOT
Stephen Howard,9.9,1.0,1.7,.583,0.0,0.0,,1.0,1.7,.583,.583,1.7,2.0,.857,0.6,0.7,1.3,0.1,1.1,0.3,0.7,1.0,3.7,SAS
Stephen Howard,8.3,1.3,2.3,.573,0.0,0.0,,1.3,2.3,.573,.573,1.0,1.6,.597,0.6,1.2,1.8,0.2,0.3,0.2,0.5,1.3,3.6,UTA
Lindsey Hunter,36.9,5.1,12.7,.404,2.0,5.7,.355,3.1,7.0,.444,.484,1.9,2.5,.778,0.7,2.1,2.8,1.9,1.6,0.3,1.2,2.5,14.2,DET
Bobby Hurley,12.9,0.9,2.6,.368,0.3,0.9,.311,0.7,1.6,.400,.424,0.8,1.1,.698,0.2,0.6,0.8,3.0,0.6,0.1,1.1,1.1,2.9,SAC
Allen Iverson,40.1,8.2,19.8,.416,2.0,6.0,.341,6.2,13.8,.448,.467,5.0,7.2,.702,1.5,2.6,4.1,7.5,2.1,0.3,4.4,3.1,23.5,PHI
Jaren Jackson,15.1,1.8,4.4,.407,0.7,2.1,.335,1.1,2.3,.474,.488,0.7,0.9,.768,0.4,1.3,1.8,0.9,0.6,0.2,0.8,1.7,5.0,WSB
Jim Jackson,36.8,5.8,13.4,.431,1.1,3.2,.348,4.6,10.2,.458,.473,3.3,4.0,.813,1.7,3.6,5.3,4.1,1.1,0.4,2.7,2.5,15.9,TOT
Jim Jackson,36.4,5.7,12.8,.442,1.0,3.0,.331,4.7,9.8,.477,.481,3.2,4.1,.787,1.8,3.2,4.9,3.4,1.2,0.3,2.3,2.5,15.5,DAL
Jim Jackson,37.3,5.9,14.2,.417,1.3,3.5,.370,4.6,10.7,.432,.463,3.4,3.9,.852,1.6,4.3,5.9,5.2,0.9,0.5,3.3,2.6,16.5,NJN
,,,,,,,,,,,,,,,,,,,,,,,,
Mark Jackson,37.2,3.5,8.3,.426,0.8,2.2,.371,2.7,6.1,.445,.474,2.0,2.6,.789,1.1,3.7,4.8,11.4,1.2,0.1,3.3,2.0,9.9,TOT
Mark Jackson,38.5,3.7,8.7,.425,0.9,2.3,.397,2.8,6.4,.435,.478,2.1,2.6,.801,1.4,3.8,5.2,12.3,1.0,0.2,3.3,2.0,10.4,DEN
Mark Jackson,35.1,3.2,7.6,.427,0.6,1.9,.316,2.6,5.7,.465,.467,2.0,2.6,.766,0.7,3.5,4.1,9.8,1.5,0.1,3.4,1.9,9.0,IND
Henry James,17.8,2.4,5.8,.408,1.4,3.4,.420,0.9,2.4,.392,.533,0.6,0.7,.833,0.5,1.0,1.5,0.4,0.2,0.0,0.5,1.8,6.7,ATL
Chris Jent,3.3,0.7,2.0,.333,0.7,1.0,.667,0.0,1.0,.000,.500,0.0,0.0,,0.3,0.0,0.3,0.3,0.0,0.0,0.0,0.7,2.0,NYK
Avery Johnson,32.5,4.3,9.0,.477,0.1,0.3,.231,4.2,8.7,.487,.482,1.8,2.7,.690,0.4,1.5,1.9,6.8,1.3,0.2,1.9,2.1,10.5,SAS
Eddie Johnson,17.6,3.1,7.0,.442,0.9,2.5,.374,2.1,4.4,.481,.510,1.1,1.3,.809,0.5,2.1,2.7,1.0,0.3,0.0,0.9,1.6,8.2,TOT
Eddie Johnson,10.9,2.1,4.9,.434,0.3,1.0,.321,1.8,3.9,.463,.467,0.7,1.0,.741,0.1,1.3,1.4,0.6,0.2,0.0,0.6,1.2,5.3,IND
Eddie Johnson,25.3,4.2,9.4,.447,1.7,4.3,.388,2.5,5.1,.496,.535,1.5,1.7,.854,1.0,3.1,4.1,1.5,0.4,0.0,1.3,2.0,11.5,HOU
Ervin Johnson,31.7,3.0,5.7,.520,0.0,0.0,.000,3.0,5.7,.523,.520,1.2,1.9,.615,2.8,8.3,11.1,0.9,0.8,2.8,1.4,3.5,7.1,DEN
Kevin Johnson,38.0,6.3,12.7,.496,1.3,2.9,.441,5.0,9.8,.512,.546,6.3,7.4,.852,0.8,2.8,3.6,9.3,1.5,0.2,3.1,2.0,20.1,PHO
Larry Johnson,34.4,4.9,9.7,.512,0.4,1.4,.324,4.5,8.3,.543,.535,2.5,3.6,.693,2.2,3.0,5.2,2.3,0.8,0.5,1.8,3.3,12.8,NYK
Charles Jones,7.8,0.2,0.4,.400,0.0,0.0,,0.2,0.4,.400,.400,0.0,0.0,,0.4,0.7,1.1,0.3,0.2,0.3,0.0,0.7,0.3,HOU
Eddie Jones,37.5,5.9,13.5,.438,1.9,4.9,.391,4.0,8.7,.464,.508,3.5,4.2,.819,1.1,3.0,4.1,3.4,2.4,0.6,2.1,2.8,17.2,LAL
Popeye Jones,30.6,3.3,6.8,.480,0.0,0.2,.077,3.3,6.6,.490,.481,1.3,1.5,.818,3.4,5.2,8.6,1.1,0.7,0.5,1.5,3.4,7.8,TOR
Michael Jordan,37.9,11.2,23.1,.486,1.4,3.6,.374,9.9,19.5,.507,.516,5.9,7.0,.833,1.4,4.5,5.9,4.3,1.7,0.5,2.0,1.9,29.6,CHI
Reggie Jordan,6.8,0.8,1.4,.615,0.0,0.0,,0.8,1.4,.615,.615,0.4,0.9,.471,0.6,0.8,1.4,0.6,0.4,0.2,0.4,0.8,2.1,TOT
Reggie Jordan,11.0,0.9,1.8,.500,0.0,0.0,,0.9,1.8,.500,.500,0.4,1.1,.400,1.2,1.3,2.6,1.2,0.6,0.3,0.7,1.4,2.2,POR
Reggie Jordan,3.1,0.8,1.0,.800,0.0,0.0,,0.8,1.0,.800,.800,0.4,0.7,.571,0.0,0.4,0.4,0.1,0.2,0.0,0.2,0.2,2.0,MIN
Adam Keefe,14.8,1.3,2.6,.513,0.0,0.0,.000,1.3,2.6,.516,.513,1.1,1.7,.689,1.2,2.3,3.5,0.5,0.5,0.2,0.7,1.6,3.8,UTA
Shawn Kemp,34.0,6.5,12.7,.510,0.1,0.4,.364,6.3,12.3,.515,.516,5.6,7.5,.742,3.4,6.6,10.0,1.9,1.5,1.0,3.5,4.0,18.7,SEA
Tim Kempton,5.9,0.1,0.5,.200,0.0,0.0,,0.1,0.5,.200,.200,0.2,0.2,1.000,0.3,0.5,0.8,0.2,0.1,0.1,0.7,0.4,0.4,SAS
Steve Kerr,22.7,3.0,5.7,.533,1.3,2.9,.464,1.7,2.8,.604,.651,0.7,0.8,.806,0.4,1.2,1.6,2.1,0.8,0.0,0.5,1.2,8.1,CHI
Jerome Kersey,25.2,2.8,6.4,.432,0.2,0.9,.262,2.5,5.5,.461,.451,1.0,1.7,.602,1.6,3.6,5.2,1.3,1.7,0.7,1.1,3.1,6.8,LAL
Jason Kidd,35.7,3.9,9.6,.403,1.1,3.0,.370,2.8,6.6,.418,.460,2.0,3.0,.679,1.2,3.4,4.5,9.0,2.3,0.4,2.6,2.1,10.9,TOT
Jason Kidd,36.0,3.4,9.2,.369,1.0,3.0,.323,2.5,6.3,.391,.421,2.1,3.1,.667,1.4,2.7,4.1,9.1,2.0,0.4,3.0,1.9,9.9,DAL
Jason Kidd,35.5,4.2,9.9,.423,1.2,3.0,.400,3.0,6.8,.434,.485,2.0,2.9,.688,1.0,3.8,4.8,9.0,2.4,0.4,2.3,2.2,11.6,PHO
Frankie King,8.4,1.0,2.4,.412,0.1,0.3,.500,0.9,2.1,.400,.441,0.7,0.7,1.000,0.6,1.4,2.0,0.7,0.6,0.0,0.4,1.0,2.9,PHI
,,,,,,,,,,,,,,,,,,,,,,,,
Jimmy King,11.0,1.0,3.0,.333,0.0,0.0,,1.0,3.0,.333,.333,1.0,2.0,.500,1.0,0.0,1.0,1.0,1.5,0.0,0.5,1.0,3.0,DEN
Stacey King,9.4,1.0,2.0,.500,0.0,0.0,,1.0,2.0,.500,.500,0.2,0.6,.286,1.0,1.5,2.5,0.1,0.2,0.1,0.5,1.3,2.2,TOT
Stacey King,6.6,1.0,1.4,.714,0.0,0.0,,1.0,1.4,.714,.714,0.4,0.6,.667,0.2,1.6,1.8,0.2,0.0,0.2,0.2,0.6,2.4,BOS
Stacey King,11.7,1.0,2.5,.400,0.0,0.0,,1.0,2.5,.400,.400,0.0,0.7,.000,1.7,1.3,3.0,0.0,0.3,0.0,0.8,1.8,2.0,DAL
Kerry Kittles,36.7,6.2,14.5,.426,1.9,5.1,.377,4.3,9.4,.453,.493,2.1,2.8,.771,1.3,2.6,3.9,3.0,1.9,0.4,1.5,2.0,16.4,NJN
Joe Kleine,14.4,1.2,2.9,.406,0.0,0.1,.667,1.1,2.8,.401,.412,0.5,0.6,.737,1.1,2.4,3.4,0.6,0.3,0.3,0.7,1.9,2.8,TOT
Joe Kleine,15.9,1.4,3.5,.400,0.0,0.0,1.000,1.3,3.4,.392,.406,0.6,0.8,.722,0.9,2.6,3.5,0.5,0.4,0.3,0.9,2.0,3.4,PHO
Joe Kleine,3.8,0.3,1.0,.250,0.0,0.0,,0.3,1.0,.250,.250,0.3,0.3,1.000,0.3,0.9,1.1,0.0,0.0,0.0,0.0,0.8,0.8,LAL
Joe Kleine,16.2,1.3,2.9,.427,0.0,0.1,.500,1.2,2.9,.425,.433,0.5,0.6,.722,1.4,2.7,4.1,0.8,0.3,0.4,0.8,2.0,3.0,NJN
Travis Knight,16.3,2.0,3.9,.509,0.0,0.0,,2.0,3.9,.509,.509,0.9,1.4,.620,1.8,2.7,4.5,0.5,0.4,0.8,0.7,2.4,4.8,LAL
Larry Krystkowiak,3.7,0.3,0.7,.500,0.0,0.0,,0.3,0.7,.500,.500,0.3,0.7,.500,0.7,1.0,1.7,1.0,0.7,0.0,0.3,1.0,1.0,LAL
Toni Kukoč,28.2,5.0,10.6,.471,0.9,2.6,.331,4.1,8.0,.518,.512,2.4,3.1,.770,1.6,2.9,4.6,4.5,1.1,0.5,1.6,1.7,13.2,CHI
Christian Laettner,38.3,6.7,13.8,.486,0.4,1.1,.352,6.3,12.7,.497,.500,4.4,5.4,.816,2.6,6.2,8.8,2.7,1.2,0.8,2.7,3.4,18.1,ATL
Andrew Lang,23.0,2.2,4.8,.464,0.0,0.0,,2.2,4.8,.464,.464,0.8,1.2,.721,1.8,3.5,5.3,0.5,0.5,0.9,0.8,2.7,5.3,MIL
Antonio Lang,13.2,1.1,2.5,.420,0.0,0.1,.000,1.1,2.4,.436,.420,0.5,0.8,.729,0.8,1.2,2.0,0.5,0.5,0.5,0.8,1.7,2.7,CLE
Priest Lauderdale,5.1,1.4,2.5,.551,0.0,0.0,.000,1.4,2.5,.557,.551,0.4,0.7,.565,0.5,0.8,1.2,0.3,0.0,0.3,1.1,1.1,3.2,ATL
Eric Leckner,6.3,0.7,1.7,.424,0.0,0.0,,0.7,1.7,.424,.424,0.3,0.6,.500,0.3,1.6,1.8,0.3,0.2,0.1,0.5,1.8,1.7,TOT
Eric Leckner,11.0,0.0,3.0,.000,0.0,0.0,,0.0,3.0,.000,.000,0.0,0.0,,0.0,1.0,1.0,1.0,0.0,0.0,0.0,3.0,0.0,CHH
Eric Leckner,6.1,0.7,1.6,.467,0.0,0.0,,0.7,1.6,.467,.467,0.3,0.6,.500,0.3,1.6,1.8,0.2,0.2,0.1,0.5,1.7,1.8,VAN
Tim Legler,12.1,1.0,3.2,.313,0.5,1.9,.276,0.5,1.3,.368,.396,0.4,0.5,.857,0.0,1.4,1.4,0.5,0.2,0.3,0.6,1.4,2.9,WSB
Voshon Lenard,28.9,4.3,9.4,.459,2.5,6.1,.414,1.8,3.3,.541,.593,1.2,1.4,.819,0.5,2.5,3.0,2.2,0.7,0.2,1.5,2.3,12.3,MIA
Martin Lewis,5.6,0.7,1.6,.429,0.1,0.3,.333,0.6,1.2,.455,.464,0.1,0.2,.500,0.4,0.2,0.7,0.4,0.1,0.2,0.1,0.9,1.6,TOR
Alton Lister,9.7,0.6,1.5,.416,0.0,0.0,,0.6,1.5,.416,.416,0.4,0.6,.742,1.2,1.9,3.2,0.2,0.2,0.3,0.6,1.8,1.6,BOS
Randy Livingston,15.3,1.6,3.6,.437,0.1,0.3,.409,1.4,3.2,.440,.456,0.7,1.0,.646,0.5,1.0,1.5,2.4,0.6,0.2,1.6,1.7,3.9,HOU
Horacio Llamas,5.1,0.8,1.4,.536,0.0,0.0,,0.8,1.4,.536,.536,0.2,0.4,.500,0.2,0.7,0.9,0.2,0.5,0.3,0.6,1.3,1.7,PHO
Brad Lohaus,7.5,0.7,2.5,.267,0.3,1.2,.286,0.3,1.3,.250,.333,0.0,0.0,,0.2,1.0,1.2,0.2,0.2,0.0,0.2,1.0,1.7,TOR
Grant Long,17.9,1.9,4.2,.447,0.3,0.7,.362,1.6,3.5,.465,.478,1.0,1.3,.750,1.4,2.1,3.4,0.6,0.7,0.1,0.7,1.6,5.0,DET
,,,,,,,,,,,,,,,,,,,,,,,,
John Long,11.6,1.4,3.7,.393,0.4,1.1,.353,1.1,2.6,.410,.444,0.8,0.9,.893,0.2,1.1,1.3,0.7,0.3,0.1,0.8,0.9,4.0,TOR
Luc Longley,24.9,3.7,8.2,.456,0.0,0.0,.000,3.7,8.2,.458,.456,1.6,2.0,.792,2.1,3.6,5.6,2.4,0.4,1.1,1.9,3.2,9.1,CHI
George Lynch,25.8,3.3,7.1,.471,0.2,0.8,.258,3.1,6.3,.496,.485,1.5,2.4,.619,2.4,4.0,6.4,1.9,1.5,0.4,1.6,2.4,8.3,VAN
Sam Mack,17.4,2.0,5.0,.401,0.9,2.7,.331,1.1,2.3,.483,.490,0.7,0.8,.833,0.4,1.7,2.0,1.1,0.6,0.1,0.8,1.3,5.6,HOU
Don MacLean,19.8,4.4,9.9,.447,0.3,1.0,.316,4.1,8.8,.462,.463,1.7,2.6,.660,1.1,2.7,3.8,1.0,0.3,0.3,1.3,1.9,10.9,PHI
Rick Mahorn,9.9,0.9,2.5,.370,0.0,0.0,.000,0.9,2.4,.377,.370,0.7,1.0,.727,0.9,1.5,2.4,0.3,0.2,0.1,0.5,1.5,2.5,DET
Dan Majerle,35.1,3.9,9.6,.406,1.9,5.6,.338,2.0,4.1,.500,.504,1.1,1.6,.678,1.3,3.3,4.5,3.2,1.5,0.4,1.4,2.1,10.8,MIA
Karl Malone,36.6,10.5,19.2,.550,0.0,0.2,.000,10.5,19.0,.555,.550,6.4,8.4,.755,2.4,7.5,9.9,4.5,1.4,0.6,2.8,2.6,27.4,UTA
Matt Maloney,29.1,3.3,7.5,.441,1.9,4.6,.404,1.4,2.9,.500,.566,0.9,1.1,.763,0.2,1.7,2.0,3.7,1.0,0.0,1.5,1.5,9.4,HOU
Danny Manning,27.7,5.5,10.3,.536,0.1,0.5,.194,5.4,9.9,.552,.540,2.4,3.3,.721,1.8,4.3,6.1,2.2,1.1,1.0,2.1,3.5,13.5,PHO
Rich Manning,7.7,1.2,3.2,.390,0.1,0.2,.500,1.2,3.0,.385,.402,0.3,0.5,.643,0.6,0.9,1.5,0.1,0.2,0.1,0.3,1.1,2.9,TOT
Rich Manning,8.0,1.1,3.0,.375,0.1,0.2,.667,1.0,2.8,.356,.396,0.4,0.5,.750,0.5,0.9,1.4,0.1,0.2,0.1,0.3,1.1,2.8,VAN
Rich Manning,7.3,1.4,3.4,.412,0.0,0.1,.000,1.4,3.3,.424,.412,0.3,0.6,.500,0.8,0.8,1.6,0.1,0.1,0.1,0.2,1.1,3.1,LAC
Stephon Marbury,34.7,5.3,13.0,.408,1.5,4.3,.354,3.8,8.7,.434,.466,3.7,5.0,.727,0.8,1.9,2.7,7.8,1.0,0.3,3.1,2.4,15.8,MIN
Šarūnas Marčiulionis,15.0,2.2,5.9,.376,0.6,1.8,.367,1.6,4.2,.380,.431,1.7,2.1,.806,0.7,1.1,1.8,1.5,0.7,0.1,2.4,2.2,6.8,DEN
Donny Marshall,9.8,0.9,2.9,.325,0.6,1.6,.379,0.3,1.3,.260,.428,0.7,1.0,.704,0.4,0.9,1.3,0.4,0.4,0.1,0.6,1.1,3.1,CLE
Donyell Marshall,16.8,2.9,6.9,.413,0.6,1.8,.315,2.3,5.1,.448,.455,1.0,1.6,.622,1.5,3.0,4.5,0.9,0.4,0.8,0.9,1.6,7.3,GSW
Cuonzo Martin,4.3,0.0,2.3,.000,0.0,0.7,.000,0.0,1.7,.000,.000,0.0,0.0,,0.3,0.0,0.3,0.3,0.0,0.0,0.3,0.3,0.0,MIL
Darrick Martin,22.2,3.6,8.8,.407,1.1,2.9,.389,2.5,5.9,.415,.470,2.7,3.0,.872,0.3,1.1,1.4,4.1,0.7,0.0,1.5,2.0,10.9,LAC
Jamal Mashburn,31.4,4.1,10.8,.385,1.3,4.0,.325,2.8,6.8,.421,.445,2.3,3.3,.702,1.0,3.3,4.3,3.0,1.1,0.2,1.7,2.7,11.9,TOT
Jamal Mashburn,26.4,3.8,10.2,.372,1.1,3.5,.321,2.6,6.6,.400,.428,1.9,3.0,.649,0.8,2.4,3.1,2.5,0.9,0.1,1.5,1.9,10.6,DAL
Jamal Mashburn,37.2,4.6,11.5,.398,1.5,4.6,.329,3.1,6.9,.443,.463,2.8,3.7,.752,1.3,4.3,5.6,3.5,1.3,0.2,1.8,3.7,13.4,MIA
Anthony Mason,43.1,5.9,11.3,.525,0.0,0.0,.333,5.9,11.3,.526,.525,4.4,5.9,.745,2.5,8.8,11.4,5.7,1.0,0.5,2.3,2.8,16.2,CHH
Tony Massenburg,24.7,2.8,5.7,.485,0.0,0.0,.000,2.8,5.7,.486,.485,1.6,2.6,.631,2.8,3.7,6.5,0.3,0.5,0.6,1.2,2.7,7.2,NJN
,,,,,,,,,,,,,,,,,,,,,,,,
Vernon Maxwell,28.7,4.7,12.6,.375,1.6,5.2,.309,3.1,7.4,.421,.439,1.9,2.5,.744,0.4,1.8,2.2,2.1,1.2,0.3,1.7,2.3,12.9,SAS
Lee Mayberry,24.4,1.9,4.6,.403,1.0,2.8,.376,0.8,1.9,.443,.515,0.4,0.6,.630,0.4,1.3,1.7,4.1,0.8,0.1,1.1,2.0,5.1,VAN
Walter McCarty,5.5,0.7,1.9,.382,0.1,0.4,.286,0.6,1.5,.407,.412,0.2,0.4,.571,0.2,0.4,0.7,0.4,0.2,0.3,0.5,1.1,1.8,NYK
Amal McCaskill,6.4,0.6,1.9,.313,0.0,0.1,.000,0.6,1.8,.333,.313,0.5,0.7,.667,0.2,1.1,1.3,0.4,0.2,0.3,0.6,0.4,1.6,ORL
George McCloud,23.3,3.7,9.0,.412,1.5,4.0,.390,2.2,5.1,.429,.497,1.3,1.6,.822,0.6,2.2,2.8,1.7,1.0,0.1,1.0,2.0,10.3,TOT
George McCloud,29.4,5.0,11.8,.423,1.9,5.0,.380,3.1,6.8,.455,.504,1.9,2.2,.837,0.7,2.8,3.5,2.2,1.3,0.2,1.3,2.6,13.7,DAL
George McCloud,12.4,1.5,4.2,.354,0.9,2.1,.429,0.6,2.0,.277,.464,0.3,0.4,.667,0.3,1.3,1.6,0.7,0.4,0.0,0.4,0.9,4.1,LAL
Xavier McDaniel,18.9,2.2,5.7,.389,0.1,0.4,.200,2.1,5.3,.403,.396,1.0,1.4,.730,2.0,3.1,5.1,1.0,0.6,0.3,1.1,2.3,5.6,NJN
Antonio McDyess,34.7,7.2,15.6,.463,0.1,0.5,.171,7.2,15.2,.472,.466,3.7,5.2,.708,2.1,5.2,7.3,1.4,0.8,1.7,2.7,3.7,18.3,DEN
Jim McIlvaine,18.0,1.6,3.4,.471,0.0,0.1,.143,1.6,3.3,.480,.473,0.6,1.3,.495,1.6,2.4,4.0,0.3,0.5,2.0,0.8,3.0,3.8,SEA
Jeff McInnis,9.0,1.8,3.8,.469,0.9,2.0,.462,0.8,1.8,.478,.592,0.5,0.8,.700,0.2,0.3,0.5,1.4,0.2,0.1,1.0,1.2,5.0,DEN
Derrick McKey,29.0,3.0,7.6,.391,0.3,1.2,.259,2.7,6.4,.414,.410,1.8,2.5,.724,1.6,3.2,4.8,2.7,0.9,0.6,1.7,2.8,8.0,IND
Aaron McKie,19.6,1.8,4.4,.411,0.5,1.2,.398,1.3,3.2,.416,.467,1.1,1.3,.836,0.5,2.2,2.7,1.9,0.9,0.3,1.1,1.6,5.2,TOT
Aaron McKie,18.9,1.3,3.8,.340,0.6,1.3,.418,0.7,2.5,.297,.413,1.0,1.2,.837,0.3,2.0,2.3,2.0,0.8,0.4,1.2,1.5,4.1,POR
Aaron McKie,20.2,2.3,5.0,.464,0.4,1.1,.375,1.9,3.8,.491,.507,1.2,1.5,.836,0.6,2.4,3.0,1.8,1.0,0.2,1.0,1.6,6.3,DET
Nate McMillan,21.6,1.6,4.0,.409,0.8,2.3,.333,0.9,1.8,.508,.503,0.5,0.8,.655,0.4,2.8,3.2,3.8,1.6,0.2,0.9,2.1,4.6,SEA
Loren Meyer,13.1,2.0,4.5,.443,0.1,0.1,.571,1.9,4.4,.439,.451,0.9,1.2,.719,1.0,1.7,2.7,0.4,0.2,0.3,1.1,2.3,4.9,TOT
Loren Meyer,13.6,1.8,4.1,.436,0.1,0.1,.500,1.7,4.0,.434,.442,0.5,0.6,.750,0.7,1.8,2.6,0.4,0.3,0.2,1.4,2.7,4.1,DAL
Loren Meyer,12.8,2.1,4.7,.446,0.1,0.1,.600,2.0,4.6,.441,.455,1.1,1.5,.712,1.1,1.6,2.7,0.3,0.1,0.3,1.0,2.1,5.4,PHO
Anthony Miller,14.0,0.0,5.0,.000,0.0,0.0,,0.0,5.0,.000,.000,0.0,0.0,,2.0,5.0,7.0,0.0,0.0,0.0,0.0,2.0,0.0,ATL
Oliver Miller,18.9,2.0,3.9,.517,0.0,0.0,.000,2.0,3.9,.521,.517,0.8,1.3,.608,1.7,3.3,5.0,1.4,0.8,1.0,1.5,3.0,4.8,TOT
Oliver Miller,19.9,1.8,3.7,.494,0.0,0.0,.000,1.8,3.6,.497,.494,0.7,1.3,.528,2.0,3.6,5.5,1.4,0.8,1.2,1.7,3.2,4.3,DAL
Oliver Miller,16.6,2.5,4.4,.560,0.0,0.1,.000,2.5,4.4,.566,.560,1.1,1.4,.769,1.2,2.6,3.8,1.5,0.7,0.7,1.1,2.5,6.0,TOR
Reggie Miller,36.6,6.8,15.4,.444,2.8,6.6,.427,4.0,8.7,.456,.536,5.2,5.9,.880,0.7,2.9,3.5,3.4,0.9,0.3,2.0,2.1,21.6,IND
Chris Mills,39.6,5.1,11.2,.453,1.1,2.8,.391,4.0,8.4,.473,.501,2.2,2.6,.842,1.5,4.7,6.2,2.5,1.1,0.5,1.5,2.8,13.4,CLE
Terry Mills,25.3,3.9,8.9,.444,2.2,5.3,.422,1.7,3.6,.477,.569,0.7,0.9,.829,0.9,3.9,4.8,1.3,0.4,0.3,1.1,2.0,10.8,DET
Greg Minor,23.8,4.1,8.5,.480,0.0,0.3,.125,4.0,8.2,.495,.482,1.3,1.6,.861,1.3,2.2,3.5,1.5,0.7,0.1,1.0,2.0,9.6,BOS
Sam Mitchell,24.9,3.3,7.4,.446,0.0,0.3,.160,3.2,7.0,.458,.449,2.7,3.6,.759,1.4,2.6,4.0,1.0,0.6,0.2,1.1,2.8,9.3,MIN
,,,,,,,,,,,,,,,,,,,,,,,,
Eric Mobley,11.0,1.0,2.3,.444,0.0,0.0,,1.0,2.3,.444,.444,0.6,1.1,.533,1.1,1.0,2.1,0.5,0.2,0.4,1.0,1.6,2.6,VAN
Eric Montross,23.4,2.0,4.5,.456,0.0,0.0,,2.0,4.5,.456,.456,0.3,0.8,.339,2.3,4.3,6.6,0.8,0.3,0.9,1.0,3.4,4.3,TOT
Eric Montross,20.9,1.8,4.0,.460,0.0,0.0,,1.8,4.0,.460,.460,0.2,0.7,.294,1.4,3.6,5.0,0.7,0.2,0.7,1.1,3.2,3.9,DAL
Eric Montross,27.2,2.4,5.2,.451,0.0,0.0,,2.4,5.2,.451,.451,0.4,0.9,.393,3.7,5.4,9.1,0.9,0.4,1.3,0.8,3.8,5.1,NJN
Tracy Moore,8.8,1.2,3.1,.388,0.4,1.6,.256,0.8,1.6,.524,.453,0.8,1.1,.710,0.4,0.6,1.0,0.7,0.2,0.0,0.5,0.7,3.7,HOU
Chris Morris,13.4,1.7,4.1,.408,0.4,1.5,.274,1.2,2.5,.489,.460,0.5,0.7,.722,0.5,1.7,2.2,0.6,0.4,0.3,0.6,1.7,4.3,UTA
Lawrence Moten,18.1,2.6,6.6,.388,0.6,2.1,.291,1.9,4.5,.433,.434,1.0,1.5,.646,0.6,1.1,1.8,1.9,0.7,0.4,1.2,1.2,6.7,VAN
Alonzo Mourning,35.2,7.2,13.4,.534,0.0,0.1,.111,7.2,13.3,.539,.535,5.5,8.6,.642,2.9,7.1,9.9,1.6,0.8,2.9,3.4,4.1,19.8,MIA
Chris Mullin,34.6,5.5,10.0,.553,1.1,2.6,.411,4.5,7.5,.602,.605,2.3,2.7,.864,0.9,3.1,4.0,4.1,1.6,0.4,2.4,2.0,14.5,GSW
Eric Murdock,9.5,1.3,2.8,.455,0.3,0.8,.400,0.9,1.9,.478,.515,0.9,1.0,.917,0.1,0.8,0.9,2.0,0.8,0.2,0.9,0.8,3.8,DEN
Gheorghe Mureșan,25.3,4.5,7.4,.604,0.0,0.0,,4.5,7.4,.604,.604,1.7,2.7,.618,1.9,4.7,6.6,0.4,0.6,1.3,1.6,3.2,10.6,WSB
Lamond Murray,17.5,2.4,5.9,.416,0.4,1.2,.341,2.0,4.6,.436,.452,2.1,2.9,.739,1.1,2.0,3.1,0.8,0.7,0.4,1.2,1.5,7.4,LAC
Tracy Murray,22.1,3.5,8.3,.425,1.3,3.7,.353,2.2,4.6,.481,.503,1.6,2.0,.839,1.0,2.1,3.1,1.0,0.8,0.2,1.0,1.8,10.0,WSB
Dikembe Mutombo,37.2,4.8,9.0,.527,0.0,0.0,,4.8,9.0,.527,.527,3.8,5.4,.705,3.4,8.3,11.6,1.4,0.6,3.3,2.3,3.1,13.3,ATL
Martin Müürsepp,8.3,1.3,3.1,.412,0.1,0.6,.167,1.2,2.5,.467,.427,1.0,1.7,.629,0.8,0.8,1.6,0.5,0.3,0.3,0.4,1.4,3.7,TOT
Martin Müürsepp,2.7,0.5,1.4,.357,0.1,0.4,.250,0.4,1.0,.400,.393,0.6,1.4,.429,0.2,0.3,0.5,0.3,0.0,0.1,0.3,0.3,1.7,MIA
Martin Müürsepp,10.0,1.5,3.7,.419,0.1,0.6,.150,1.4,3.0,.474,.432,1.2,1.8,.679,1.0,0.9,1.9,0.5,0.4,0.3,0.5,1.7,4.3,DAL
Steve Nash,10.5,1.1,2.7,.423,0.4,0.8,.418,0.8,1.8,.425,.489,0.6,0.8,.824,0.2,0.7,1.0,2.1,0.3,0.0,1.0,1.4,3.3,PHO
Ruben Nembhard,11.3,1.6,3.7,.432,0.0,0.6,.000,1.6,3.1,.516,.432,0.8,1.0,.800,0.3,0.5,0.8,1.7,0.9,0.0,0.8,1.2,4.0,TOT
Ruben Nembhard,11.8,1.5,3.6,.414,0.0,0.5,.000,1.5,3.1,.480,.414,1.0,1.3,.800,0.4,0.6,1.0,1.5,0.8,0.0,0.4,1.1,4.0,UTA
Ruben Nembhard,9.5,2.0,4.0,.500,0.0,1.0,.000,2.0,3.0,.667,.500,0.0,0.0,,0.0,0.0,0.0,2.5,1.5,0.0,2.5,1.5,4.0,POR
Ivano Newbill,11.8,0.6,1.3,.440,0.0,0.0,,0.6,1.3,.440,.440,0.3,0.7,.385,1.1,1.8,2.8,0.3,0.4,0.2,0.6,1.6,1.4,ATL
Johnny Newman,25.1,3.0,6.7,.450,0.4,1.2,.347,2.6,5.5,.472,.481,2.3,3.0,.765,0.8,1.5,2.3,1.4,0.9,0.2,1.4,3.1,8.7,MIL
Gaylon Nickerson,10.5,1.0,3.0,.333,0.0,0.5,.000,1.0,2.5,.400,.333,1.8,1.8,1.000,0.3,1.0,1.3,0.3,0.3,0.3,0.3,0.3,3.8,TOT
Gaylon Nickerson,12.0,1.0,3.0,.333,0.0,0.3,.000,1.0,2.7,.375,.333,2.3,2.3,1.000,0.3,1.0,1.3,0.3,0.0,0.3,0.0,0.3,4.3,SAS
Gaylon Nickerson,6.0,1.0,3.0,.333,0.0,1.0,.000,1.0,2.0,.500,.333,0.0,0.0,,0.0,1.0,1.0,0.0,1.0,0.0,1.0,0.0,2.0,WSB
Ken Norman,12.9,1.6,5.5,.287,0.4,2.2,.158,1.2,3.3,.375,.319,0.2,0.7,.333,0.5,1.8,2.3,0.7,0.4,0.2,1.1,1.0,3.8,ATL
Moochie Norris,11.1,0.5,2.8,.182,0.3,1.3,.200,0.3,1.5,.167,.227,0.3,0.6,.400,0.4,1.1,1.5,2.9,0.5,0.0,0.6,0.6,1.5,VAN
,,,,,,,,,,,,,,,,,,,,,,,,
Ed O'Bannon,12.6,1.5,4.4,.333,0.3,1.1,.257,1.2,3.3,.359,.366,0.5,0.5,.886,0.8,1.5,2.3,0.6,0.5,0.2,0.3,1.5,3.7,TOT
Ed O'Bannon,14.1,1.7,4.6,.367,0.4,1.3,.283,1.3,3.3,.401,.408,0.4,0.5,.870,0.9,1.6,2.5,0.6,0.5,0.2,0.3,1.7,4.2,NJN
Ed O'Bannon,9.2,0.9,3.8,.236,0.1,0.5,.100,0.8,3.3,.258,.243,0.6,0.6,.917,0.5,1.4,1.9,0.6,0.3,0.1,0.3,1.0,2.4,DAL
Jermaine O'Neal,10.2,1.5,3.4,.451,0.0,0.0,.000,1.5,3.4,.454,.451,1.0,1.7,.603,0.9,1.9,2.8,0.2,0.0,0.6,0.6,1.0,4.1,POR
Shaquille O'Neal,38.1,10.8,19.4,.557,0.0,0.1,.000,10.8,19.4,.559,.557,4.5,9.4,.484,3.8,8.7,12.5,3.1,0.9,2.9,2.9,3.5,26.2,LAL
Charles Oakley,35.9,4.2,8.7,.488,0.1,0.2,.263,4.2,8.4,.495,.492,2.3,2.8,.808,3.1,6.7,9.8,2.8,1.4,0.3,2.1,3.8,10.8,NYK
Hakeem Olajuwon,36.6,9.3,18.3,.510,0.1,0.2,.313,9.3,18.1,.512,.512,4.5,5.7,.787,2.2,7.0,9.2,3.0,1.5,2.2,3.6,3.2,23.2,HOU
Jimmy Oliver,10.8,1.0,3.3,.308,0.3,1.5,.167,0.8,1.8,.429,.346,0.5,0.5,1.000,0.3,1.0,1.3,0.3,0.5,0.0,0.8,0.5,2.8,TOR
Greg Ostertag,23.6,2.7,5.3,.515,0.0,0.1,.000,2.7,5.2,.520,.515,1.8,2.7,.678,2.3,5.0,7.3,0.4,0.3,2.0,1.0,3.0,7.3,UTA
Bo Outlaw,26.8,3.1,5.1,.609,0.0,0.1,.000,3.1,5.0,.621,.609,1.4,2.8,.504,2.1,3.4,5.5,1.9,1.1,1.7,1.3,2.8,7.6,LAC
Doug Overton,10.4,1.3,3.1,.426,0.2,0.7,.250,1.2,2.5,.473,.453,0.7,0.8,.938,0.3,0.8,1.1,1.7,0.4,0.0,0.6,0.7,3.6,PHI
Billy Owens,30.2,4.5,9.7,.467,0.4,1.1,.347,4.2,8.6,.482,.487,1.5,2.2,.697,2.0,3.9,5.9,2.8,0.9,0.4,2.0,2.8,11.0,SAC
Ray Owes,10.4,1.3,3.2,.417,0.0,0.1,.200,1.3,3.1,.423,.419,0.5,0.8,.565,1.1,1.7,2.9,0.3,0.3,0.4,0.4,1.5,3.1,GSW
Robert Pack,33.0,5.0,12.8,.392,0.6,2.1,.277,4.5,10.8,.415,.415,3.6,4.5,.807,0.5,2.2,2.7,8.4,1.7,0.1,4.0,2.6,14.3,TOT
Robert Pack,34.9,5.7,13.9,.407,0.6,2.2,.297,5.0,11.8,.428,.430,3.9,5.0,.788,0.4,2.1,2.5,9.6,1.7,0.1,4.4,2.4,15.9,NJN
Robert Pack,29.9,4.0,11.0,.361,0.5,1.9,.237,3.5,9.1,.387,.381,3.1,3.7,.849,0.7,2.4,3.0,6.4,1.8,0.2,3.4,2.8,11.5,DAL
Robert Parish,9.4,1.6,3.3,.490,0.0,0.0,,1.6,3.3,.490,.490,0.5,0.7,.677,1.0,1.1,2.1,0.5,0.1,0.4,0.7,0.9,3.7,CHI
Cherokee Parks,12.6,1.4,2.7,.510,0.0,0.0,.000,1.4,2.6,.512,.510,0.6,1.0,.605,1.1,1.5,2.6,0.4,0.5,0.6,0.4,2.0,3.3,MIN
Gary Payton,39.2,8.6,18.1,.476,1.5,4.6,.313,7.2,13.4,.533,.517,3.1,4.3,.715,1.3,3.3,4.6,7.1,2.4,0.2,2.6,2.5,21.8,SEA
Anthony Peeler,31.8,5.6,14.0,.398,1.8,4.8,.373,3.8,9.3,.410,.461,1.5,1.8,.820,0.8,2.7,3.4,3.6,1.5,0.2,2.2,2.3,14.5,VAN
Will Perdue,29.5,3.6,6.3,.568,0.0,0.0,,3.6,6.3,.568,.568,1.5,2.6,.579,3.9,6.0,9.8,0.6,0.5,1.6,1.3,2.8,8.7,SAS
Sam Perkins,24.4,3.6,8.2,.439,1.5,3.8,.395,2.1,4.3,.477,.531,2.3,2.8,.817,0.9,2.8,3.7,1.3,0.9,0.6,1.0,1.7,11.0,SEA
Elliot Perry,19.5,2.6,5.6,.474,0.6,1.7,.358,2.0,3.9,.523,.527,1.0,1.3,.745,0.3,1.2,1.5,3.0,1.2,0.0,1.4,1.4,6.9,MIL
Wesley Person,29.1,5.1,11.3,.453,2.1,5.2,.413,3.0,6.1,.487,.548,1.1,1.4,.798,0.9,2.8,3.7,1.5,1.1,0.3,1.0,1.3,13.5,PHO
,,,,,,,,,,,,,,,,,,,,,,,,
Bobby Phills,34.4,4.8,11.1,.428,1.2,3.1,.394,3.5,8.0,.442,.484,1.8,2.5,.718,0.9,2.6,3.6,3.4,1.6,0.3,2.0,2.5,12.6,CLE
Eric Piatkowski,11.5,2.1,4.6,.450,0.8,1.8,.425,1.3,2.7,.466,.535,1.1,1.3,.821,0.8,0.9,1.6,0.8,0.5,0.2,0.7,1.3,6.0,LAC
Ricky Pierce,20.8,4.0,8.3,.481,0.7,1.6,.442,3.3,6.7,.490,.523,2.3,2.6,.897,0.6,1.4,2.0,1.3,0.5,0.2,1.1,1.6,11.0,TOT
Ricky Pierce,18.2,3.6,7.9,.462,0.4,1.2,.308,3.3,6.7,.489,.485,2.5,2.8,.902,0.5,1.1,1.6,0.9,0.4,0.2,1.2,1.5,10.2,DEN
Ricky Pierce,24.1,4.4,8.8,.502,1.1,2.1,.536,3.3,6.7,.492,.565,2.1,2.3,.889,0.7,1.8,2.5,1.8,0.5,0.1,1.1,1.8,12.0,CHH
Ed Pinckney,10.1,0.9,1.6,.535,0.0,0.0,,0.9,1.6,.535,.535,0.7,0.9,.800,0.9,1.5,2.4,0.2,0.3,0.3,0.7,1.1,2.4,MIA
Scottie Pippen,37.7,7.9,16.7,.474,1.9,5.2,.368,6.0,11.5,.522,.531,2.5,3.5,.701,2.0,4.5,6.5,5.7,1.9,0.5,2.6,2.6,20.2,CHI
Olden Polynice,35.3,5.4,11.8,.457,0.0,0.1,.000,5.4,11.7,.460,.457,1.7,3.1,.562,3.3,6.1,9.4,2.2,0.6,1.0,2.0,3.6,12.5,SAC
Terry Porter,19.1,2.3,5.5,.416,0.8,2.4,.335,1.5,3.0,.482,.491,1.5,2.0,.765,0.4,1.8,2.1,3.6,0.7,0.1,1.6,1.3,6.9,MIN
Vitaly Potapenko,15.5,2.3,5.3,.440,0.0,0.0,.500,2.3,5.3,.439,.441,1.2,1.6,.736,1.3,1.4,2.7,0.5,0.3,0.4,1.4,2.7,5.8,CLE
Brent Price,15.6,1.8,4.2,.419,0.7,2.1,.321,1.1,2.1,.519,.500,0.8,0.8,1.000,0.4,0.8,1.2,2.6,0.7,0.0,1.3,1.4,5.0,HOU
Mark Price,26.8,3.8,8.4,.447,1.6,4.0,.396,2.2,4.4,.493,.542,2.2,2.4,.906,0.5,2.0,2.6,4.9,1.0,0.0,2.3,1.4,11.3,GSW
Theo Ratliff,17.0,2.4,4.4,.531,0.0,0.0,,2.4,4.4,.531,.531,1.1,1.5,.698,1.4,1.9,3.4,0.2,0.4,1.5,0.7,2.4,5.8,DET
Dino Radja,35.0,6.0,13.6,.440,0.0,0.0,.000,6.0,13.5,.441,.440,2.0,2.8,.718,1.8,6.7,8.4,1.9,0.9,1.9,2.8,3.0,14.0,BOS
Eldridge Recasner,17.0,2.1,4.9,.423,0.8,2.0,.414,1.3,3.0,.429,.506,0.7,0.8,.879,0.5,1.1,1.6,1.3,0.5,0.1,0.9,1.4,5.7,ATL
Bryant Reeves,37.0,6.6,13.7,.486,0.0,0.1,.091,6.6,13.5,.490,.486,2.9,4.1,.704,2.3,5.8,8.1,2.1,0.4,0.9,2.3,3.6,16.2,VAN
Khalid Reeves,22.7,2.9,7.5,.391,1.3,3.6,.366,1.6,3.9,.416,.480,1.0,1.4,.747,0.5,1.3,1.9,3.6,0.5,0.1,1.7,2.5,8.2,TOT
Khalid Reeves,21.0,2.8,7.2,.393,1.5,3.8,.396,1.3,3.3,.389,.499,1.1,1.5,.747,0.4,1.3,1.8,3.4,0.5,0.1,1.6,2.4,8.3,NJN
Khalid Reeves,29.5,3.3,8.5,.387,0.5,2.7,.200,2.8,5.8,.474,.419,0.7,0.9,.750,0.9,1.5,2.4,4.3,0.8,0.2,2.0,3.1,7.8,DAL
Don Reid,9.8,1.1,2.4,.482,0.0,0.0,.000,1.1,2.4,.486,.482,0.5,0.7,.750,0.8,1.4,2.1,0.3,0.3,0.3,0.5,2.2,2.8,DET
Shawn Respert,12.1,1.4,3.4,.424,0.5,1.4,.351,1.0,2.0,.476,.496,0.8,1.0,.872,0.3,0.6,1.0,1.0,0.5,0.0,0.7,1.0,4.2,TOT
Shawn Respert,5.9,0.4,1.4,.316,0.1,0.6,.111,0.4,0.7,.500,.342,0.5,0.5,1.000,0.2,0.3,0.5,0.6,0.0,0.0,0.6,0.4,1.4,MIL
Shawn Respert,15.3,2.0,4.4,.442,0.7,1.8,.396,1.3,2.7,.472,.521,1.0,1.2,.844,0.4,0.8,1.2,1.2,0.7,0.1,0.8,1.3,5.6,TOR
Glen Rice,42.6,9.1,19.2,.477,2.6,5.6,.470,6.5,13.6,.480,.546,5.9,6.8,.867,0.8,3.2,4.0,2.0,0.9,0.3,2.2,2.4,26.8,CHH
Pooh Richardson,18.1,2.2,5.8,.381,0.7,2.2,.328,1.5,3.7,.412,.442,0.4,0.7,.605,0.4,1.2,1.7,2.9,0.9,0.1,1.1,1.4,5.6,LAC
Mitch Richmond,38.6,8.9,19.5,.454,2.5,5.9,.428,6.3,13.6,.466,.519,5.6,6.6,.861,0.7,3.2,3.9,4.2,1.5,0.3,2.9,2.6,25.9,SAC
,,,,,,,,,,,,,,,,,,,,,,,,
Isaiah Rider,33.7,6.0,12.9,.464,1.3,3.4,.385,4.7,9.6,.492,.514,2.8,3.4,.812,1.2,2.8,4.0,2.6,0.6,0.3,2.8,2.6,16.1,POR
Fred Roberts,3.3,0.5,1.3,.400,0.0,0.0,,0.5,1.3,.400,.400,0.8,1.2,.714,0.2,0.7,0.8,0.0,0.0,0.1,0.4,0.2,1.8,DAL
Stanley Roberts,21.0,3.5,8.2,.426,0.0,0.0,,3.5,8.2,.426,.426,2.5,3.6,.703,1.3,3.7,5.1,0.5,0.4,1.3,1.3,3.2,9.5,LAC
Chris Robinson,16.6,1.7,4.4,.379,0.8,2.2,.382,0.9,2.3,.376,.473,0.4,0.6,.615,0.6,1.2,1.7,1.6,0.7,0.2,0.8,2.1,4.6,VAN
Clifford Robinson,38.0,5.5,12.9,.426,1.5,4.3,.346,4.0,8.6,.466,.484,2.7,3.8,.696,1.1,2.9,4.0,3.2,1.2,0.8,2.1,3.1,15.1,POR
David Robinson,24.5,6.0,12.0,.500,0.0,0.0,,6.0,12.0,.500,.500,5.7,8.7,.654,3.2,5.3,8.5,1.3,1.0,1.0,1.3,1.5,17.7,SAS
Glenn Robinson,38.9,8.4,18.0,.465,0.8,2.3,.350,7.6,15.7,.482,.487,3.6,4.6,.791,1.6,4.7,6.3,3.1,1.3,0.9,3.4,2.8,21.1,MIL
James Robinson,19.0,2.8,7.0,.407,1.5,3.9,.382,1.4,3.1,.437,.512,1.1,1.7,.684,0.3,1.3,1.6,1.8,0.4,0.1,1.0,1.8,8.3,MIN
Rumeal Robinson,9.4,1.2,3.0,.402,0.3,1.0,.321,0.9,2.0,.444,.457,0.5,0.6,.743,0.1,0.8,0.9,1.4,0.4,0.0,0.8,1.1,3.3,TOT
Rumeal Robinson,8.4,1.1,3.2,.354,0.4,1.5,.261,0.7,1.7,.440,.417,0.3,0.5,.625,0.1,0.5,0.7,0.9,0.3,0.1,0.7,0.8,3.0,LAL
Rumeal Robinson,7.3,1.3,2.8,.471,0.3,0.8,.300,1.1,2.0,.542,.515,0.1,0.3,.250,0.1,0.5,0.6,0.7,0.1,0.0,0.4,0.7,3.0,PHO
Rumeal Robinson,10.9,1.2,3.0,.402,0.3,0.9,.391,0.9,2.2,.407,.457,0.7,0.9,.870,0.1,1.0,1.1,1.9,0.7,0.0,1.0,1.5,3.5,POR
Dennis Rodman,35.4,2.3,5.2,.448,0.1,0.3,.263,2.2,4.9,.461,.456,0.9,1.6,.568,5.8,10.2,16.1,3.1,0.6,0.3,2.0,3.1,5.7,CHI
Lou Roe,6.3,0.8,2.8,.292,0.2,0.6,.273,0.6,2.2,.297,.323,0.5,1.1,.474,0.4,0.4,0.8,0.4,0.2,0.1,0.6,0.6,2.4,GSW
Carlos Rogers,24.9,3.8,7.2,.525,0.4,1.2,.379,3.3,6.0,.553,.556,1.8,3.0,.600,2.1,3.3,5.4,0.7,0.8,1.2,0.9,2.5,9.8,TOR
Rodney Rogers,30.6,5.0,10.9,.462,0.8,2.2,.361,4.2,8.7,.487,.498,2.4,3.6,.663,1.7,3.4,5.1,2.7,1.1,0.8,2.7,3.4,13.2,LAC
Roy Rogers,22.5,3.0,5.9,.505,0.0,0.0,1.000,3.0,5.9,.504,.506,0.7,1.1,.574,1.7,3.0,4.7,0.6,0.3,2.0,1.0,2.6,6.6,VAN
Sean Rooks,10.7,1.3,2.7,.470,0.0,0.0,.000,1.3,2.7,.473,.470,1.3,1.9,.700,0.8,1.6,2.4,0.6,0.2,0.6,0.7,1.8,3.8,LAL
Jalen Rose,18.0,2.6,5.7,.456,0.3,1.1,.292,2.3,4.6,.495,.484,1.8,2.4,.750,0.4,1.4,1.8,2.3,0.9,0.3,1.6,2.1,7.3,IND
Malik Rose,9.7,1.1,2.4,.477,0.0,0.0,.000,1.1,2.3,.484,.477,0.7,1.1,.613,1.3,1.7,3.0,0.6,0.5,0.3,0.8,2.1,3.0,CHH
Donald Royal,13.8,1.0,2.4,.425,0.0,0.0,.000,1.0,2.3,.431,.425,1.5,1.9,.803,0.8,1.6,2.5,0.4,0.4,0.2,0.8,1.6,3.5,TOT
Donald Royal,29.0,4.0,10.0,.400,0.0,0.0,,4.0,10.0,.400,.400,4.0,4.0,1.000,1.0,0.0,1.0,1.0,0.0,0.0,3.0,3.0,12.0,ORL
Donald Royal,14.1,1.0,2.7,.385,0.0,0.1,.000,1.0,2.6,.394,.385,1.7,2.2,.795,0.9,1.7,2.6,0.4,0.3,0.3,0.6,1.5,3.8,GSW
Donald Royal,12.8,0.8,1.6,.525,0.0,0.0,,0.8,1.6,.525,.525,1.1,1.4,.800,0.7,1.6,2.3,0.4,0.5,0.1,0.9,1.7,2.8,CHH
Clifford Rozier,17.5,1.9,4.1,.454,0.0,0.0,.000,1.9,4.1,.459,.454,0.7,1.5,.508,2.4,3.1,5.6,0.7,0.6,1.0,0.7,2.3,4.5,TOT
Clifford Rozier,5.0,0.0,1.0,.000,0.0,0.0,,0.0,1.0,.000,.000,0.0,0.0,,0.0,0.0,0.0,0.0,0.0,0.0,0.0,0.0,0.0,GSW
Clifford Rozier,17.9,1.9,4.2,.457,0.0,0.0,.000,1.9,4.2,.462,.457,0.8,1.5,.508,2.5,3.2,5.7,0.8,0.6,1.1,0.7,2.4,4.6,TOR
Bryon Russell,31.2,3.7,7.7,.479,1.3,3.3,.409,2.3,4.4,.531,.566,2.1,3.0,.701,1.0,3.1,4.1,1.5,1.6,0.3,1.2,2.9,10.8,UTA
,,,,,,,,,,,,,,,,,,,,,,,,
Arvydas Sabonis,25.5,4.8,9.5,.498,0.7,1.9,.371,4.0,7.6,.530,.536,3.2,4.2,.777,1.7,6.3,7.9,2.1,0.9,1.2,2.2,2.9,13.4,POR
Kevin Salvadori,6.7,0.5,1.4,.364,0.0,0.0,,0.5,1.4,.364,.364,0.6,0.8,.722,0.3,0.8,1.1,0.4,0.1,0.6,0.5,0.7,1.6,SAC
Jason Sasser,8.6,1.1,2.9,.391,0.1,0.4,.333,1.0,2.5,.400,.413,0.0,0.0,,0.1,0.9,1.0,0.3,0.4,0.0,0.3,1.4,2.4,TOT
Jason Sasser,10.3,1.3,3.2,.421,0.2,0.3,.500,1.2,2.8,.412,.447,0.0,0.0,,0.0,1.2,1.2,0.2,0.3,0.0,0.3,1.8,2.8,SAS
Jason Sasser,3.5,0.5,2.0,.250,0.0,0.5,.000,0.5,1.5,.333,.250,0.0,0.0,,0.5,0.0,0.5,0.5,0.5,0.0,0.0,0.0,1.0,DAL
Danny Schayes,12.0,1.0,2.7,.392,0.0,0.0,.000,1.0,2.6,.395,.392,0.9,1.2,.750,0.9,1.9,2.8,0.3,0.3,0.4,0.6,1.6,3.0,ORL
Steve Scheffler,4.1,0.9,1.0,.857,0.0,0.0,,0.9,1.0,.857,.857,0.1,0.3,.500,0.1,0.3,0.4,0.0,0.0,0.0,0.7,0.7,1.9,SEA
Dwayne Schintzius,7.7,0.9,2.4,.361,0.1,0.1,.500,0.8,2.3,.353,.375,0.5,0.5,.875,0.6,0.9,1.5,0.3,0.1,0.6,0.5,1.5,2.3,LAC
Detlef Schrempf,35.9,5.8,11.9,.492,0.9,2.6,.354,4.9,9.2,.531,.531,4.1,5.2,.801,1.4,5.0,6.5,4.4,1.0,0.3,2.5,2.5,16.8,SEA
Brent Scott,3.4,0.5,1.1,.471,0.0,0.0,,0.5,1.1,.471,.471,0.2,0.4,.500,0.2,0.4,0.6,0.2,0.1,0.1,0.3,0.9,1.2,IND
Byron Scott,18.2,2.1,4.8,.430,0.9,2.4,.388,1.1,2.4,.471,.526,1.6,1.9,.841,0.3,1.2,1.5,1.3,0.6,0.2,0.7,0.9,6.7,LAL
Dennis Scott,32.8,4.5,11.3,.398,2.2,5.7,.394,2.3,5.7,.402,.496,1.2,1.5,.792,0.6,2.5,3.1,2.1,1.1,0.3,1.2,2.1,12.5,ORL
James Scott,4.0,0.0,1.0,.000,0.0,0.5,.000,0.0,0.5,.000,.000,0.1,0.3,.500,0.1,0.6,0.8,0.4,0.3,0.0,0.3,0.6,0.1,MIA
Shawnelle Scott,3.1,0.5,1.0,.500,0.0,0.0,,0.5,1.0,.500,.500,0.3,0.7,.364,0.5,0.5,1.0,0.0,0.0,0.2,0.0,0.4,1.3,CLE
Malik Sealy,30.7,4.7,11.8,.396,1.0,2.8,.356,3.7,9.0,.408,.438,3.2,3.6,.876,0.7,2.2,3.0,2.1,1.6,0.6,1.9,2.3,13.5,LAC
Rony Seikaly,35.3,6.2,12.3,.507,0.0,0.0,.000,6.2,12.2,.509,.507,4.8,6.8,.714,3.7,5.8,9.5,1.2,0.7,1.4,2.9,3.7,17.3,ORL
Brian Shaw,24.2,2.5,6.7,.366,0.8,2.5,.325,1.6,4.2,.391,.427,1.4,1.8,.793,0.6,1.9,2.5,4.1,0.9,0.3,2.2,2.6,7.2,ORL
Lionel Simmons,12.7,1.1,3.3,.331,0.2,0.7,.233,0.9,2.6,.358,.357,1.0,1.2,.875,0.7,1.8,2.5,1.4,0.2,0.3,0.8,1.5,3.4,SAC
Dickey Simpkins,8.2,0.6,1.9,.333,0.0,0.1,.250,0.6,1.9,.337,.339,0.6,0.8,.700,0.8,1.2,1.9,0.6,0.1,0.1,0.7,0.9,1.9,CHI
Reggie Slater,15.6,3.2,5.7,.550,0.0,0.1,.000,3.2,5.7,.558,.550,1.5,2.9,.520,1.5,2.1,3.7,0.8,0.3,0.2,1.1,1.3,7.8,TOR
Charles Smith,17.3,1.8,4.4,.405,0.0,0.1,.000,1.8,4.4,.410,.405,1.1,1.4,.769,0.9,2.5,3.4,0.7,0.7,1.2,1.2,2.3,4.6,SAS
Joe Smith,38.6,7.3,16.2,.454,0.2,0.6,.261,7.2,15.6,.461,.459,3.8,4.7,.814,3.3,5.2,8.5,1.6,0.9,1.1,2.4,3.1,18.7,GSW
,,,,,,,,,,,,,,,,,,,,,,,,
Kenny Smith,15.9,2.1,5.0,.423,1.2,2.8,.437,0.9,2.2,.404,.546,0.8,0.9,.867,0.1,0.8,0.9,2.4,0.4,0.0,1.5,0.6,6.3,TOT
Kenny Smith,7.1,0.9,2.2,.400,0.6,1.1,.500,0.3,1.1,.300,.525,0.2,0.2,1.000,0.0,0.6,0.6,1.1,0.1,0.0,0.3,0.2,2.6,DET
Kenny Smith,7.8,1.0,2.2,.462,0.5,0.8,.600,0.5,1.3,.375,.577,0.3,0.3,1.000,0.2,0.2,0.3,0.7,0.0,0.0,1.0,0.5,2.8,ORL
Kenny Smith,19.8,2.6,6.2,.422,1.5,3.6,.425,1.1,2.6,.419,.546,1.1,1.2,.854,0.1,1.0,1.1,3.1,0.5,0.0,1.9,0.8,7.9,DEN
Michael Smith,31.2,2.5,4.6,.539,0.0,0.0,,2.5,4.6,.539,.539,1.6,3.2,.496,3.2,6.3,9.5,2.4,1.0,0.7,1.6,3.1,6.6,SAC
Steve Smith,39.1,6.8,15.9,.429,1.8,5.4,.335,5.0,10.5,.477,.486,4.6,5.5,.847,1.3,2.1,3.3,4.2,0.9,0.3,2.4,2.4,20.1,ATL
Stevin Smith,7.5,0.8,2.3,.333,0.1,0.8,.167,0.6,1.5,.417,.361,0.1,0.1,1.000,0.3,1.0,1.3,0.5,0.1,0.0,0.5,1.1,1.8,DAL
Tony Smith,18.7,2.0,4.9,.409,0.5,1.4,.323,1.5,3.4,.445,.457,0.6,0.9,.644,0.6,0.8,1.4,2.2,0.7,0.3,1.1,1.6,5.0,CHH
Rik Smits,29.2,6.8,14.1,.486,0.0,0.2,.250,6.8,13.9,.488,.487,3.3,4.2,.797,2.0,4.9,6.9,1.3,0.4,1.1,2.4,3.4,17.1,IND
Eric Snow,11.6,1.1,2.4,.451,0.1,0.2,.267,1.0,2.2,.470,.463,0.7,1.0,.712,0.3,0.8,1.0,2.4,0.6,0.0,0.7,1.4,3.0,SEA
Elmore Spencer,5.0,0.0,1.0,.000,0.0,0.0,,0.0,1.0,.000,.000,0.0,0.0,,0.0,0.0,0.0,0.0,1.0,0.0,1.0,0.0,0.0,SEA
Felton Spencer,21.3,1.9,3.9,.489,0.0,0.0,,1.9,3.9,.489,.489,1.3,2.2,.584,2.2,3.5,5.7,0.3,0.5,0.7,1.2,3.8,5.1,TOT
Felton Spencer,19.0,2.0,2.0,1.000,0.0,0.0,,2.0,2.0,1.000,1.000,0.0,0.0,,5.0,1.0,6.0,1.0,0.0,0.0,1.0,2.0,4.0,ORL
Felton Spencer,21.4,1.9,3.9,.486,0.0,0.0,,1.9,3.9,.486,.486,1.3,2.2,.584,2.1,3.6,5.7,0.3,0.5,0.7,1.2,3.8,5.1,GSW
Latrell Sprewell,41.9,8.1,18.1,.449,1.8,5.2,.354,6.3,12.9,.488,.500,6.2,7.3,.843,0.7,3.9,4.6,6.3,1.7,0.6,4.0,1.9,24.2,GSW
Jerry Stackhouse,39.1,6.6,16.1,.407,1.3,4.2,.298,5.3,11.9,.446,.446,6.3,8.2,.766,1.9,2.2,4.2,3.1,1.1,0.8,3.9,2.7,20.7,PHI
John Starks,26.5,4.8,11.1,.431,1.9,5.3,.369,2.8,5.8,.488,.519,2.2,2.9,.769,0.5,2.2,2.7,2.8,1.2,0.1,2.1,2.5,13.8,NYK
Matt Steigenga,6.0,0.5,2.0,.250,0.0,1.0,.000,0.5,1.0,.500,.250,0.5,1.0,.500,0.0,1.5,1.5,1.0,0.5,0.5,1.0,0.5,1.5,CHI
Joe Stephens,4.5,0.5,2.5,.200,0.5,1.5,.333,0.0,1.0,.000,.300,0.0,0.0,,1.0,0.5,1.5,0.0,1.5,0.0,1.5,1.5,1.5,HOU
Larry Stewart,14.0,1.6,3.6,.444,0.1,0.5,.243,1.5,3.1,.479,.462,1.0,1.3,.720,1.1,1.4,2.4,0.7,0.4,0.3,0.9,1.5,4.3,SEA
Bryant Stith,34.4,4.8,11.6,.416,1.3,3.5,.385,3.5,8.1,.430,.474,3.9,4.5,.863,1.4,2.8,4.2,2.6,1.2,0.4,1.9,2.3,14.9,DEN
John Stockton,35.3,5.1,9.3,.548,0.9,2.2,.422,4.1,7.1,.587,.598,3.4,4.0,.846,0.5,2.2,2.8,10.5,2.0,0.2,3.0,2.4,14.4,UTA
Damon Stoudamire,40.9,7.0,17.4,.401,2.2,6.1,.355,4.8,11.2,.426,.463,4.1,5.0,.823,1.1,3.0,4.1,8.8,1.5,0.2,3.6,2.0,20.2,TOR
Erick Strickland,27.1,3.6,9.1,.398,1.0,3.3,.304,2.6,5.9,.451,.453,2.3,2.9,.813,0.8,2.5,3.2,2.4,1.0,0.2,2.4,2.7,10.6,DAL
Mark Strickland,4.9,0.8,1.9,.417,0.0,0.0,.000,0.8,1.9,.424,.417,0.4,0.7,.571,0.5,0.7,1.2,0.0,0.1,0.3,0.5,0.5,2.0,MIA
,,,,,,,,,,,,,,,,,,,,,,,,
Rod Strickland,36.5,6.3,13.5,.466,0.2,0.9,.169,6.1,12.5,.488,.472,4.5,6.1,.738,1.2,2.9,4.1,8.9,1.7,0.2,3.3,2.0,17.2,WSB
Derek Strong,24.4,3.2,7.1,.447,0.0,0.2,.000,3.2,7.0,.457,.447,2.1,2.7,.803,2.1,4.2,6.3,0.9,0.6,0.2,1.2,2.4,8.5,ORL
Bob Sura,27.7,3.1,7.2,.431,0.6,2.0,.323,2.4,5.2,.473,.476,2.4,3.9,.614,0.9,2.8,3.8,4.8,1.1,0.4,2.2,2.7,9.2,CLE
Brett Szabo,9.5,0.8,1.7,.446,0.0,0.0,.000,0.8,1.7,.450,.446,0.6,0.9,.738,0.8,1.6,2.4,0.2,0.2,0.5,0.6,1.7,2.2,BOS
Žan Tabak,16.8,2.5,5.5,.451,0.0,0.0,,2.5,5.5,.451,.451,1.5,2.2,.690,1.5,2.2,3.8,1.1,0.5,0.8,1.6,2.7,6.5,TOR
Carl Thomas,4.1,0.5,1.3,.375,0.1,0.6,.167,0.4,0.6,.583,.417,0.1,0.1,1.000,0.2,0.5,0.7,0.4,0.1,0.1,0.3,0.4,1.1,CLE
Kurt Thomas,20.8,2.2,5.8,.371,0.0,0.1,.000,2.2,5.8,.375,.371,1.9,2.6,.761,1.7,4.2,5.9,0.5,0.7,0.5,1.4,3.7,6.3,MIA
Brooks Thompson,15.7,2.4,6.1,.399,1.4,3.6,.398,1.0,2.4,.401,.518,0.4,0.6,.632,0.3,1.2,1.4,2.7,0.8,0.0,1.3,1.9,6.6,TOT
Brooks Thompson,4.0,0.0,0.5,.000,0.0,0.0,,0.0,0.5,.000,.000,0.0,0.0,,0.0,0.0,0.0,0.5,0.0,0.0,0.5,0.5,0.0,UTA
Brooks Thompson,16.1,2.5,6.2,.400,1.5,3.8,.398,1.0,2.5,.404,.520,0.4,0.6,.632,0.3,1.2,1.5,2.8,0.8,0.0,1.3,1.9,6.8,DEN
LaSalle Thompson,5.4,0.1,0.7,.158,0.0,0.0,,0.1,0.7,.158,.158,0.2,0.2,.667,0.3,1.0,1.3,0.1,0.1,0.2,0.3,1.3,0.4,TOT
LaSalle Thompson,6.2,0.2,0.9,.188,0.0,0.0,,0.2,0.9,.188,.188,0.1,0.1,.500,0.3,1.2,1.5,0.0,0.2,0.4,0.4,1.5,0.4,DEN
LaSalle Thompson,3.9,0.0,0.3,.000,0.0,0.0,,0.0,0.3,.000,.000,0.3,0.4,.750,0.2,0.7,0.9,0.2,0.0,0.0,0.2,0.8,0.3,IND
Otis Thorpe,33.7,5.3,10.0,.532,0.0,0.0,.000,5.3,9.9,.534,.532,2.5,3.8,.653,2.9,5.0,7.9,1.7,0.7,0.2,1.8,3.8,13.1,DET
Sedale Threatt,15.9,1.3,3.5,.378,0.4,1.0,.400,1.0,2.6,.370,.432,0.3,0.4,.750,0.2,0.9,1.1,1.9,0.7,0.1,0.6,1.4,3.3,HOU
Wayman Tisdale,14.7,3.0,7.0,.426,0.0,0.0,,3.0,7.0,.426,.426,0.6,0.9,.625,0.7,1.6,2.3,0.4,0.2,0.4,0.7,2.1,6.5,PHO
Keith Tower,14.4,0.6,1.6,.375,0.0,0.0,,0.6,1.6,.375,.375,0.2,1.6,.125,0.4,1.4,1.8,0.2,0.4,0.2,0.4,2.4,1.4,MIL
Gary Trent,23.4,4.4,8.2,.536,0.0,0.1,.000,4.4,8.1,.544,.536,2.0,2.8,.699,1.9,3.3,5.2,1.1,0.6,0.4,1.6,2.3,10.8,POR
Nick Van Exel,37.2,5.5,13.6,.402,2.2,5.9,.378,3.2,7.7,.420,.484,2.1,2.5,.825,0.6,2.3,2.9,8.5,0.9,0.1,2.7,1.4,15.3,LAL
David Vaughn,8.5,0.9,2.1,.431,0.0,0.0,,0.9,2.1,.431,.431,0.5,0.9,.633,1.0,1.7,2.7,0.2,0.2,0.4,0.8,1.2,2.3,ORL
Loy Vaught,34.6,6.6,13.2,.500,0.0,0.1,.167,6.6,13.1,.504,.501,1.6,2.3,.702,2.7,7.3,10.0,1.3,1.0,0.3,1.7,2.9,14.9,LAC
Stojko Vranković,14.5,1.5,2.6,.561,0.0,0.0,,1.5,2.6,.561,.561,0.5,0.7,.676,1.1,2.1,3.2,0.3,0.2,1.3,1.0,2.3,3.4,MIN
Antoine Walker,36.2,7.0,16.5,.425,0.6,1.9,.327,6.4,14.6,.438,.445,2.8,4.5,.631,3.5,5.5,9.0,3.2,1.3,0.6,2.8,3.3,17.5,BOS
Samaki Walker,14.0,1.9,4.3,.444,0.0,0.0,.000,1.9,4.3,.446,.444,1.1,1.7,.649,1.1,2.3,3.4,0.4,0.3,0.5,0.9,1.7,5.0,DAL
,,,,,,,,,,,,,,,,,,,,,,,,
Ben Wallace,5.8,0.5,1.4,.348,0.0,0.0,,0.5,1.4,.348,.348,0.2,0.6,.300,0.7,1.0,1.7,0.1,0.2,0.3,0.5,0.8,1.1,WSB
John Wallace,11.6,1.8,3.5,.517,0.0,0.1,.500,1.8,3.4,.517,.521,1.2,1.6,.718,0.8,1.5,2.3,0.5,0.3,0.4,1.1,1.5,4.8,NYK
Rasheed Wallace,30.5,6.1,11.0,.558,0.1,0.5,.273,6.0,10.5,.573,.565,2.7,4.3,.638,2.0,4.8,6.8,1.2,0.8,1.0,1.8,3.2,15.1,POR
Rex Walters,17.6,2.5,5.5,.455,1.0,2.5,.385,1.5,3.0,.514,.543,0.8,1.1,.790,0.4,1.5,1.8,1.9,0.5,0.1,1.0,1.3,6.8,PHI
Charlie Ward,22.3,1.7,4.3,.395,0.6,1.9,.312,1.1,2.3,.464,.466,1.2,1.6,.760,0.6,2.2,2.8,4.1,1.1,0.2,1.9,2.4,5.2,NYK
Jamie Watson,14.8,1.3,3.1,.431,0.2,0.5,.333,1.2,2.6,.450,.458,0.5,0.7,.750,0.8,1.3,2.0,1.4,1.0,0.2,1.0,1.5,3.4,TOT
Jamie Watson,9.9,0.8,1.9,.440,0.1,0.2,.333,0.8,1.7,.455,.460,0.8,0.9,.833,0.3,1.1,1.4,0.8,0.8,0.2,0.7,1.2,2.5,UTA
Jamie Watson,21.1,2.0,4.7,.426,0.3,0.9,.333,1.7,3.8,.447,.457,0.2,0.4,.500,1.4,1.5,2.9,2.3,1.1,0.2,1.5,1.8,4.5,DAL
Clarence Weatherspoon,36.0,4.9,9.9,.491,0.0,0.1,.167,4.8,9.8,.493,.491,2.5,3.4,.738,2.7,5.6,8.3,1.7,0.9,1.0,1.7,2.3,12.2,PHI
Chris Webber,39.0,8.4,16.2,.518,0.8,2.1,.397,7.6,14.1,.535,.543,2.5,4.3,.565,3.3,7.0,10.3,4.6,1.7,1.9,3.2,3.6,20.1,WSB
Bill Wennington,12.8,1.9,3.9,.498,0.0,0.0,.000,1.9,3.9,.502,.498,0.7,0.9,.830,0.8,1.4,2.1,0.7,0.2,0.2,0.5,2.2,4.6,CHI
Robert Werdann,5.2,0.5,1.2,.429,0.0,0.0,,0.5,1.2,.429,.429,0.5,0.5,1.000,0.5,0.5,1.0,0.0,0.3,0.2,0.3,1.7,1.5,NJN
David Wesley,40.4,6.2,13.2,.468,1.4,3.9,.360,4.8,9.3,.513,.521,3.0,3.9,.781,0.9,2.7,3.6,7.3,2.2,0.2,2.9,3.0,16.8,BOS
Doug West,28.2,3.3,7.1,.467,0.2,0.7,.333,3.1,6.5,.481,.482,0.9,1.4,.681,0.5,1.6,2.2,1.7,0.9,0.4,1.0,3.2,7.8,MIN
Mark West,13.7,1.4,2.6,.556,0.0,0.0,,1.4,2.6,.556,.556,0.4,0.8,.482,1.0,1.7,2.7,0.3,0.2,0.8,0.7,2.0,3.2,CLE
Ennis Whatley,7.3,0.7,1.3,.500,0.0,0.0,,0.7,1.3,.500,.500,0.0,0.0,,0.0,1.0,1.0,1.0,0.0,0.0,0.3,1.7,1.3,POR
Donald Whiteside,9.6,0.7,2.0,.327,0.4,1.3,.333,0.2,0.7,.316,.436,0.4,0.6,.733,0.1,0.4,0.4,1.3,0.4,0.0,0.6,0.9,2.2,TOR
Chris Whitney,13.6,1.7,4.0,.421,0.7,2.0,.356,1.0,2.0,.485,.509,1.1,1.4,.832,0.2,1.1,1.3,2.2,0.6,0.0,0.8,1.2,5.2,WSB
Dominique Wilkins,30.9,6.3,15.1,.417,1.1,3.8,.293,5.2,11.3,.458,.453,4.5,5.6,.803,2.7,3.7,6.4,1.9,0.6,0.5,2.1,1.6,18.2,SAS
Gerald Wilkins,27.5,4.0,9.5,.426,0.8,2.5,.325,3.2,7.0,.462,.469,1.7,2.4,.716,0.7,1.4,2.2,2.2,0.7,0.2,1.5,1.8,10.6,ORL
Aaron Williams,17.1,2.6,4.5,.574,0.0,0.0,.000,2.6,4.5,.578,.574,1.0,1.5,.673,1.9,2.5,4.3,0.5,0.5,0.9,1.0,2.2,6.2,TOT
Aaron Williams,10.0,3.0,5.0,.600,0.0,0.0,,3.0,5.0,.600,.600,0.0,0.0,,2.0,3.0,5.0,0.0,0.0,3.0,4.0,0.0,6.0,DEN
Aaron Williams,17.3,2.6,4.5,.573,0.0,0.0,.000,2.6,4.4,.577,.573,1.0,1.5,.673,1.9,2.4,4.3,0.5,0.5,0.8,0.9,2.3,6.2,VAN
Buck Williams,20.2,2.4,4.4,.537,0.0,0.0,.000,2.4,4.4,.538,.537,1.6,2.4,.642,2.2,3.1,5.4,0.7,0.5,0.5,1.1,2.8,6.3,NYK
,,,,,,,,,,,,,,,,,,,,,,,,
Eric Williams,33.8,5.2,11.4,.456,0.0,0.1,.250,5.2,11.3,.458,.457,4.6,6.1,.752,1.8,2.8,4.6,1.8,1.0,0.2,1.9,3.0,15.0,BOS
Herb Williams,8.8,0.9,2.2,.391,0.0,0.0,.000,0.9,2.1,.400,.391,0.1,0.2,.750,0.4,1.0,1.5,0.2,0.2,0.2,0.2,0.9,1.9,NYK
Hot Rod Williams,31.4,3.0,6.1,.490,0.0,0.0,.000,3.0,6.1,.493,.490,2.0,2.9,.672,2.6,5.6,8.3,1.5,1.0,1.3,1.0,2.6,8.0,PHO
Jayson Williams,34.9,5.4,13.2,.409,0.0,0.1,.000,5.4,13.1,.412,.409,2.6,4.5,.590,5.9,7.6,13.5,1.2,0.6,0.9,2.0,3.9,13.4,NJN
Jerome Williams,5.4,0.6,1.5,.392,0.0,0.0,,0.6,1.5,.392,.392,0.3,0.5,.529,0.7,0.8,1.5,0.2,0.4,0.0,0.4,0.5,1.5,DET
Lorenzo Williams,13.9,1.1,1.6,.645,0.0,0.0,,1.1,1.6,.645,.645,0.3,0.4,.714,1.5,2.2,3.6,0.2,0.3,0.4,0.9,2.6,2.4,WSB
Monty Williams,20.7,3.6,7.1,.509,0.0,0.0,.000,3.6,7.1,.510,.509,1.8,2.9,.645,1.5,1.7,3.2,1.4,0.8,0.8,1.8,2.5,9.0,SAS
Reggie Williams,15.4,2.2,5.8,.382,0.7,2.6,.265,1.5,3.2,.476,.441,0.7,0.9,.750,0.4,2.0,2.4,0.8,0.6,0.3,0.9,2.5,5.8,TOT
Reggie Williams,16.5,1.0,4.5,.222,0.0,0.5,.000,1.0,4.0,.250,.222,0.5,1.0,.500,0.5,3.0,3.5,1.0,0.0,0.0,1.0,2.5,2.5,IND
Reggie Williams,15.2,2.5,6.1,.403,0.8,3.0,.273,1.6,3.1,.529,.470,0.7,0.9,.800,0.4,1.8,2.2,0.7,0.7,0.4,0.9,2.5,6.5,NJN
Scott Williams,21.2,2.6,5.1,.509,0.0,0.0,.000,2.6,5.1,.513,.509,0.6,0.9,.691,2.5,3.9,6.4,0.7,0.7,0.7,0.8,3.3,5.8,PHI
Walt Williams,36.3,5.7,13.5,.427,2.4,6.0,.400,3.3,7.5,.448,.516,2.5,3.3,.765,1.4,3.6,5.0,2.7,1.3,0.8,2.4,3.9,16.4,TOR
Corliss Williamson,25.2,4.7,9.4,.498,0.0,0.0,.000,4.7,9.4,.500,.498,2.2,3.2,.689,1.8,2.4,4.1,1.6,0.8,0.6,2.0,3.3,11.6,SAC
Kevin Willis,26.2,4.7,9.7,.481,0.0,0.2,.143,4.6,9.5,.487,.482,1.9,2.7,.693,1.9,5.5,7.5,0.9,0.6,0.4,1.6,2.9,11.2,HOU
David Wingate,14.3,1.4,3.3,.416,0.4,1.1,.352,1.0,2.2,.448,.474,0.5,0.6,.825,0.4,0.8,1.1,1.2,0.7,0.1,0.6,1.7,3.6,SEA
Dontonio Wingfield,12.1,1.7,4.1,.409,0.6,1.6,.338,1.1,2.5,.457,.477,0.6,0.9,.675,1.3,1.6,2.9,1.0,0.3,0.1,1.0,2.1,4.5,POR
Joe Wolf,9.4,0.7,1.6,.449,0.0,0.1,.143,0.7,1.5,.476,.455,0.3,0.3,.737,0.6,1.4,2.0,0.4,0.3,0.2,0.3,1.9,1.7,MIL
David Wood,5.2,0.4,0.8,.526,0.1,0.3,.333,0.3,0.5,.652,.592,0.3,0.4,.667,0.1,0.5,0.6,0.3,0.2,0.1,0.1,0.8,1.2,MIL
Haywoode Workman,20.3,2.8,5.0,.550,0.0,0.8,.000,2.8,4.3,.647,.550,0.0,0.3,.000,1.0,0.8,1.8,2.8,0.8,0.0,1.3,2.5,5.5,IND
Lorenzen Wright,25.1,3.1,6.4,.481,0.0,0.1,.250,3.1,6.3,.483,.482,1.1,1.9,.587,2.7,3.4,6.1,0.6,0.6,0.8,1.0,2.7,7.3,LAC
Sharone Wright,16.8,2.7,6.7,.400,0.0,0.0,.000,2.7,6.7,.400,.400,1.1,2.2,.511,1.3,1.8,3.1,0.5,0.3,0.8,1.6,2.4,6.5,TOR
George Zídek,7.2,0.9,2.3,.415,0.0,0.0,.000,0.9,2.2,.422,.415,0.9,1.1,.789,0.7,1.0,1.7,0.3,0.1,0.1,0.5,1.2,2.8,TOT
George Zídek,8.0,0.9,2.4,.388,0.0,0.1,.000,0.9,2.3,.398,.388,0.7,0.9,.781,0.7,1.1,1.8,0.3,0.1,0.1,0.6,1.2,2.5,CHH
George Zídek,5.5,1.0,2.1,.485,0.0,0.0,,1.0,2.1,.485,.485,1.3,1.6,.800,0.6,0.8,1.4,0.3,0.1,0.0,0.3,1.1,3.3,DEN
,,,,,,,,,,,,,,,,,,,,,,,,
Aleksandar Djordjevic,7.6,1.0,2.0,.500,0.6,0.9,.714,0.4,1.1,.333,.656,0.5,0.6,.800,0.1,0.5,0.6,0.6,0.0,0.0,0.6,0.4,3.1,POR
